Rk,Player,WS,Season,Age,Team,G,GS,AS,MP,FG,FGA,2P,2PA,3P,3PA,FT,FTA,ORB,DRB,TRB,AST,STL,BLK,TOV,PF,PTS,FG%,2P%,3P%,FT%,TS%,eFG%,Pos
1,Nikola Jokić,17,2023-24,28,DEN,79,79,1,2737,822,1411,739,1180,83,231,358,438,223,753,976,708,108,68,237,194,2085,0.583,0.626,0.359,0.817,0.65,0.612,C-F
2,Shai Gilgeous-Alexander,14.6,2023-24,25,OKC,75,75,1,2553,796,1487,701,1218,95,269,567,649,65,350,415,465,150,67,162,184,2254,0.535,0.576,0.353,0.874,0.636,0.567,G
3,Giannis Antetokounmpo,13.2,2023-24,29,MIL,73,73,1,2567,837,1369,803,1245,34,124,514,782,196,645,841,476,87,79,250,210,2222,0.611,0.645,0.274,0.657,0.649,0.624,F-G
4,Domantas Sabonis,12.6,2023-24,27,SAC,82,82,0,2928,634,1068,601,981,33,87,292,415,294,826,1120,673,74,48,272,250,1593,0.594,0.613,0.379,0.704,0.637,0.609,C-F
5,Luka Dončić,12,2023-24,24,DAL,70,70,1,2624,804,1652,520,908,284,744,478,608,59,588,647,686,99,38,282,149,2370,0.487,0.573,0.382,0.786,0.617,0.573,G-F
6,Anthony Davis,11.8,2023-24,30,LAL,76,76,1,2700,713,1283,684,1176,29,107,421,516,239,722,961,266,91,178,159,177,1876,0.556,0.582,0.271,0.816,0.621,0.567,F-C
7,Rudy Gobert,11.6,2023-24,31,MIN,76,76,0,2593,406,614,406,611,0,3,249,390,285,697,982,102,52,162,118,238,1061,0.661,0.664,0,0.638,0.675,0.661,C
8,Jalen Brunson,11.2,2023-24,27,NYK,77,77,1,2726,790,1648,579,1122,211,526,421,497,43,235,278,519,70,13,186,144,2212,0.479,0.516,0.401,0.847,0.592,0.543,G
9,Jarrett Allen,10.7,2023-24,25,CLE,77,77,0,2442,519,819,519,813,0,6,233,314,243,568,811,210,53,81,121,147,1271,0.634,0.638,0,0.742,0.664,0.634,C-F
10,Jayson Tatum,10.4,2023-24,25,BOS,74,74,1,2645,672,1426,443,817,229,609,414,497,67,534,601,364,75,43,188,145,1987,0.471,0.542,0.376,0.833,0.604,0.552,F
11,Devin Booker,9.2,2023-24,27,PHO,68,68,1,2447,642,1305,490,887,152,418,405,457,56,252,308,472,61,28,178,206,1841,0.492,0.552,0.364,0.886,0.611,0.55,G
12,DeMar DeRozan,9.2,2023-24,34,CHI,79,79,0,2989,650,1355,575,1130,75,225,522,612,43,297,340,421,90,45,135,161,1897,0.48,0.509,0.333,0.853,0.584,0.507,G-F
13,Jimmy Butler,9.1,2023-24,34,MIA,60,60,0,2042,396,793,336,648,60,145,394,459,105,213,318,298,79,17,102,68,1246,0.499,0.519,0.414,0.858,0.626,0.537,F-G
14,Tyrese Haliburton,9,2023-24,23,IND,69,68,1,2224,500,1048,305,513,195,535,194,227,35,236,271,752,83,48,159,75,1389,0.477,0.595,0.364,0.855,0.605,0.57,G
15,Chet Holmgren,8.9,2023-24,21,OKC,82,82,0,2413,505,953,376,604,129,349,218,275,129,519,648,200,53,190,131,197,1357,0.53,0.623,0.37,0.793,0.632,0.598,F-C
16,Kawhi Leonard,8.9,2023-24,32,LAC,68,68,1,2330,610,1162,470,826,140,336,253,286,84,332,416,244,111,59,119,97,1613,0.525,0.569,0.417,0.885,0.626,0.585,F
17,LeBron James,8.5,2023-24,39,LAL,71,71,1,2504,685,1269,536,906,149,363,303,404,61,457,518,589,89,38,245,78,1822,0.54,0.592,0.41,0.75,0.63,0.599,F-G
18,Derrick White,8.5,2023-24,29,BOS,73,73,0,2381,387,839,191,344,196,495,137,152,51,259,310,377,74,87,112,152,1107,0.461,0.555,0.396,0.901,0.611,0.578,G
19,Fred VanVleet,8.4,2023-24,29,HOU,73,73,0,2684,423,1018,196,432,227,586,197,229,33,245,278,589,101,59,126,183,1270,0.416,0.454,0.387,0.86,0.568,0.527,G
20,James Harden,8.4,2023-24,34,LAC,72,72,0,2470,352,822,166,334,186,488,302,344,34,335,369,614,77,57,185,127,1192,0.428,0.497,0.381,0.878,0.612,0.541,G
21,Kevin Durant,8.3,2023-24,35,PHO,75,75,1,2791,751,1436,583,1029,168,407,362,423,41,454,495,378,69,91,244,133,2032,0.523,0.567,0.413,0.856,0.626,0.581,F-G
22,Mike Conley,8.2,2023-24,36,MIN,76,76,0,2193,294,644,115,239,179,405,102,112,37,181,218,449,88,17,102,128,869,0.457,0.481,0.442,0.911,0.627,0.595,G
23,Tyrese Maxey,8.1,2023-24,23,PHI,70,70,1,2626,638,1419,426,850,212,569,328,378,36,222,258,433,69,33,116,151,1816,0.45,0.501,0.373,0.868,0.573,0.524,G
24,Isaiah Hartenstein,8.1,2023-24,25,NYK,75,49,0,1896,235,365,234,362,1,3,111,157,244,382,626,188,87,85,93,210,582,0.644,0.646,0.333,0.707,0.67,0.645,F
25,Kristaps Porziņģis,7.9,2023-24,28,BOS,57,57,0,1690,388,752,278,459,110,293,259,302,97,312,409,115,42,111,89,156,1145,0.516,0.606,0.375,0.858,0.647,0.589,F-C
26,Daniel Gafford,7.8,2023-24,25,"DAL,WAS",74,66,0,1815,348,480,348,480,0,0,118,175,195,367,562,115,65,153,74,227,814,0.725,0.725,,0.674,0.731,0.725,C-F
27,Damian Lillard,7.7,2023-24,33,MIL,73,73,1,2579,541,1277,321,655,220,622,473,514,36,284,320,508,72,18,193,134,1775,0.424,0.49,0.354,0.92,0.59,0.51,G
28,Zion Williamson,7.5,2023-24,23,NOP,70,70,0,2207,624,1094,618,1076,6,18,347,494,122,284,406,352,77,47,193,159,1601,0.57,0.574,0.333,0.702,0.61,0.573,F-C
29,Anthony Edwards,7.5,2023-24,22,MIN,79,78,1,2770,718,1558,528,1026,190,532,423,506,52,378,430,405,101,42,241,141,2049,0.461,0.515,0.357,0.836,0.575,0.522,G-F
30,Joel Embiid,7.5,2023-24,29,PHI,39,39,1,1309,450,851,396,712,54,139,399,452,95,335,430,219,46,66,150,112,1353,0.529,0.556,0.388,0.883,0.644,0.561,C
31,Paul George,7.3,2023-24,33,LAC,74,74,1,2502,582,1236,339,648,243,588,264,291,37,351,388,262,113,37,153,202,1671,0.471,0.523,0.413,0.907,0.613,0.569,F-G
32,Jalen Williams,7.3,2023-24,22,OKC,71,71,0,2223,536,993,433,752,103,241,180,221,37,245,282,322,80,45,123,175,1355,0.54,0.576,0.427,0.814,0.621,0.592,G
33,Bam Adebayo,7.2,2023-24,26,MIA,71,71,1,2416,530,1017,515,975,15,42,292,387,159,578,737,278,81,66,162,159,1367,0.521,0.528,0.357,0.755,0.576,0.529,C-F
34,Stephen Curry,7.2,2023-24,35,GSW,74,74,1,2421,650,1445,293,569,357,876,299,324,37,293,330,379,54,28,210,117,1956,0.45,0.515,0.408,0.923,0.616,0.573,G
35,Aaron Gordon,7.1,2023-24,28,DEN,73,73,0,2297,398,716,358,578,40,138,177,269,174,297,471,259,56,45,105,142,1013,0.556,0.619,0.29,0.658,0.607,0.584,F
36,Jonas Valančiūnas,7.1,2023-24,31,NOP,82,82,0,1925,402,719,365,599,37,120,161,205,186,535,721,173,32,68,111,218,1002,0.559,0.609,0.308,0.785,0.619,0.585,C
37,Alperen Sengun,6.9,2023-24,21,HOU,63,63,0,2046,527,982,494,871,33,111,244,352,183,406,589,312,76,46,162,211,1331,0.537,0.567,0.297,0.693,0.585,0.553,C-F
38,Kyrie Irving,6.9,2023-24,31,DAL,58,58,0,2030,562,1131,389,710,173,421,190,210,44,246,290,299,74,28,106,112,1487,0.497,0.548,0.411,0.905,0.608,0.573,G
39,Grayson Allen,6.9,2023-24,28,PHO,75,74,0,2513,340,682,135,237,205,445,129,147,48,247,295,227,69,45,95,157,1014,0.499,0.57,0.461,0.878,0.679,0.649,G
40,Pascal Siakam,6.9,2023-24,29,"IND,TOR",80,80,0,2657,681,1271,596,1025,85,246,290,396,139,426,565,342,63,25,141,193,1737,0.536,0.581,0.346,0.732,0.601,0.569,F-C
41,Ivica Zubac,6.8,2023-24,26,LAC,68,68,0,1794,337,519,337,519,0,0,120,166,196,430,626,93,22,83,79,180,794,0.649,0.649,,0.723,0.671,0.649,C
42,Nic Claxton,6.7,2023-24,24,BRK,71,71,0,2116,366,582,365,577,1,5,108,196,193,513,706,147,46,146,93,175,841,0.629,0.633,0.2,0.551,0.629,0.63,C
43,Donte DiVincenzo,6.6,2023-24,27,NYK,81,63,0,2360,445,1004,162,299,283,705,86,114,63,234,297,216,107,36,113,166,1259,0.443,0.542,0.401,0.754,0.597,0.584,G
44,De'Aaron Fox,6.5,2023-24,26,SAC,74,74,0,2659,720,1549,506,969,214,580,312,423,67,273,340,418,150,31,194,193,1966,0.465,0.522,0.369,0.738,0.567,0.534,G
45,Donovan Mitchell,6.4,2023-24,27,CLE,55,55,1,1942,503,1089,321,595,182,494,275,318,46,234,280,333,101,30,154,118,1463,0.462,0.539,0.368,0.865,0.595,0.545,G
46,Franz Wagner,6.4,2023-24,22,ORL,72,72,0,2337,528,1096,434,762,94,334,271,319,72,309,381,269,76,28,137,168,1421,0.482,0.57,0.281,0.85,0.575,0.525,G-F
47,Herbert Jones,6.3,2023-24,25,NOP,76,76,0,2321,293,588,179,315,114,273,137,158,74,198,272,199,105,62,93,224,837,0.498,0.568,0.418,0.867,0.636,0.595,F
48,Clint Capela,6.3,2023-24,29,ATL,73,73,0,1883,353,618,353,617,0,1,130,206,335,441,776,91,43,106,74,164,836,0.571,0.572,0,0.631,0.59,0.571,C
49,Jrue Holiday,6.3,2023-24,33,BOS,69,69,0,2263,331,689,193,367,138,322,60,72,84,289,373,333,61,53,124,108,860,0.48,0.526,0.429,0.833,0.597,0.581,G
50,Karl-Anthony Towns,6.3,2023-24,28,MIN,62,62,1,2026,479,951,343,624,136,327,255,292,94,421,515,189,43,41,177,204,1349,0.504,0.55,0.416,0.873,0.625,0.575,C-F
51,Al Horford,6.2,2023-24,37,BOS,65,33,0,1740,214,419,106,161,108,258,26,30,82,331,413,168,38,62,48,93,562,0.511,0.658,0.419,0.867,0.65,0.64,C-F
52,Lauri Markkanen,6.2,2023-24,26,UTA,55,55,0,1820,427,890,252,451,175,439,249,277,122,327,449,110,50,26,77,100,1278,0.48,0.559,0.399,0.899,0.631,0.578,F-C
53,Michael Porter Jr.,6.2,2023-24,25,DEN,81,81,0,2565,522,1079,302,525,220,554,92,110,106,459,565,122,42,53,92,148,1356,0.484,0.575,0.397,0.836,0.601,0.586,F
54,Payton Pritchard,6.1,2023-24,26,BOS,82,5,0,1825,297,635,150,253,147,382,46,56,70,195,265,281,39,6,61,106,787,0.468,0.593,0.385,0.821,0.597,0.583,G
55,Tobias Harris,5.9,2023-24,31,PHI,70,70,0,2368,463,951,372,693,91,258,187,213,80,373,453,217,70,46,93,115,1204,0.487,0.537,0.353,0.878,0.576,0.535,F
56,CJ McCollum,5.9,2023-24,32,NOP,66,66,0,2159,484,1055,245,498,239,557,115,139,39,247,286,305,62,41,110,126,1322,0.459,0.492,0.429,0.827,0.592,0.572,G
57,Jaylen Brown,5.9,2023-24,27,BOS,70,70,1,2343,627,1256,482,846,145,410,211,300,84,303,387,249,83,37,166,185,1610,0.499,0.57,0.354,0.703,0.58,0.557,F-G
58,Jamal Murray,5.9,2023-24,26,DEN,59,59,0,1861,474,986,329,645,145,341,157,184,42,200,242,384,57,39,125,104,1250,0.481,0.51,0.425,0.853,0.586,0.554,G
59,Austin Reaves,5.9,2023-24,25,LAL,82,57,0,2629,457,940,303,520,154,420,232,272,57,295,352,450,66,25,174,153,1300,0.486,0.583,0.367,0.853,0.613,0.568,G
60,Brook Lopez,5.9,2023-24,35,MIL,79,79,0,2411,366,755,218,351,148,404,110,134,117,292,409,127,43,189,79,191,990,0.485,0.621,0.366,0.821,0.608,0.583,C
61,Myles Turner,5.8,2023-24,27,IND,77,77,0,2076,476,909,360,585,116,324,245,317,113,420,533,100,39,144,109,232,1313,0.524,0.615,0.358,0.773,0.626,0.587,C-F
62,Jusuf Nurkić,5.8,2023-24,29,PHO,76,76,0,2078,320,627,298,537,22,90,167,261,224,613,837,301,81,80,175,254,829,0.51,0.555,0.244,0.64,0.559,0.528,C
63,Josh Hart,5.7,2023-24,28,NYK,81,42,0,2707,295,679,215,421,80,258,91,115,128,547,675,331,75,23,118,171,761,0.434,0.511,0.31,0.791,0.522,0.493,G
64,Jabari Smith Jr.,5.6,2023-24,20,HOU,76,76,0,2424,378,833,240,453,138,380,150,185,139,477,616,121,52,61,89,200,1044,0.454,0.53,0.363,0.811,0.571,0.537,F
65,Moritz Wagner,5.6,2023-24,26,ORL,80,1,0,1415,332,552,294,437,38,115,166,204,117,230,347,96,39,21,97,160,868,0.601,0.673,0.33,0.814,0.676,0.636,F-C
66,Evan Mobley,5.5,2023-24,22,CLE,50,50,0,1532,320,552,298,493,22,59,123,171,111,357,468,160,45,72,90,134,785,0.58,0.604,0.373,0.719,0.626,0.6,F-C
67,Collin Sexton,5.5,2023-24,25,UTA,78,51,0,2075,506,1038,378,713,128,325,318,370,71,134,205,383,62,18,165,154,1458,0.487,0.53,0.394,0.859,0.607,0.549,G
68,Nikola Vučević,5.4,2023-24,33,CHI,76,74,0,2610,586,1211,494,898,92,313,106,129,210,591,801,254,50,60,120,190,1370,0.484,0.55,0.294,0.822,0.54,0.522,C
69,Trey Murphy III,5.4,2023-24,23,NOP,57,23,0,1690,275,621,106,176,169,445,123,151,42,238,280,124,51,28,34,70,842,0.443,0.602,0.38,0.815,0.612,0.579,F
70,Paolo Banchero,5.3,2023-24,21,ORL,80,80,1,2799,640,1407,521,1056,119,351,405,559,82,472,554,431,71,47,247,153,1804,0.455,0.493,0.339,0.725,0.546,0.497,F
71,Keegan Murray,5.2,2023-24,23,SAC,77,77,0,2588,443,975,260,464,183,511,103,124,106,314,420,129,79,59,64,205,1172,0.454,0.56,0.358,0.831,0.569,0.548,F
72,Nick Richards,5.1,2023-24,26,CHO,67,51,0,1759,260,376,260,375,0,1,132,179,172,367,539,54,26,74,73,176,652,0.691,0.693,0,0.737,0.717,0.691,F-C
73,Paul Reed,5.1,2023-24,24,PHI,82,24,0,1590,259,480,238,423,21,57,61,85,193,295,488,109,67,84,67,198,600,0.54,0.563,0.368,0.718,0.58,0.561,F
74,Brandon Ingram,5.1,2023-24,26,NOP,64,64,0,2103,500,1017,414,775,86,242,246,307,43,281,324,363,50,40,163,145,1332,0.492,0.534,0.355,0.801,0.578,0.534,F
75,D'Angelo Russell,5.1,2023-24,27,LAL,76,69,0,2484,492,1080,266,535,226,545,159,192,28,208,236,482,69,36,156,156,1369,0.456,0.497,0.415,0.828,0.588,0.56,G
76,Luke Kornet,5.1,2023-24,28,BOS,63,7,0,983,142,203,141,202,1,1,49,54,118,143,261,67,23,61,21,77,334,0.7,0.698,1,0.907,0.736,0.702,C-F
77,Tre Jones,4.9,2023-24,24,SAS,77,48,0,2138,303,600,239,409,64,191,101,118,58,231,289,478,78,9,116,92,771,0.505,0.584,0.335,0.856,0.591,0.558,G
78,Dereck Lively II,4.9,2023-24,19,DAL,55,42,0,1294,221,296,221,294,0,2,41,81,135,243,378,60,36,77,50,144,483,0.747,0.752,0,0.506,0.728,0.747,C
79,Andre Drummond,4.9,2023-24,30,CHI,79,10,0,1351,267,480,267,477,0,3,129,218,265,443,708,37,73,48,81,140,663,0.556,0.56,0,0.592,0.576,0.556,C
80,Naz Reid,4.9,2023-24,24,MIN,81,14,0,1964,406,851,237,443,169,408,109,148,73,350,423,106,63,73,111,172,1090,0.477,0.535,0.414,0.736,0.595,0.576,F
81,Alex Caruso,4.9,2023-24,29,CHI,71,57,0,2040,253,541,117,208,136,333,73,96,62,211,273,247,120,70,102,181,715,0.468,0.563,0.408,0.76,0.613,0.593,G
82,Kelly Olynyk,4.9,2023-24,32,"TOR,UTA",78,27,0,1759,276,497,216,342,60,155,150,180,108,303,411,347,74,30,152,230,762,0.555,0.632,0.387,0.833,0.661,0.616,C-F
83,Dejounte Murray,4.9,2023-24,27,ATL,78,78,0,2783,672,1463,471,909,201,554,208,262,62,354,416,502,111,24,201,138,1753,0.459,0.518,0.363,0.794,0.555,0.528,G
84,Sam Hauser,4.9,2023-24,26,BOS,79,13,0,1741,249,558,52,93,197,465,17,19,45,231,276,82,40,25,32,99,712,0.446,0.559,0.424,0.895,0.629,0.623,F
85,Jalen Duren,4.8,2023-24,20,DET,61,60,0,1777,349,564,349,560,0,4,143,181,192,517,709,147,33,47,129,192,841,0.619,0.623,0,0.79,0.653,0.619,C
86,Trayce Jackson-Davis,4.8,2023-24,23,GSW,68,16,0,1130,233,332,233,331,0,1,74,132,135,206,341,82,29,76,49,108,540,0.702,0.704,0,0.561,0.692,0.702,F
87,Kentavious Caldwell-Pope,4.8,2023-24,30,DEN,76,76,0,2402,270,587,145,279,125,308,101,113,31,152,183,183,98,42,75,151,766,0.46,0.52,0.406,0.894,0.602,0.566,G
88,Obi Toppin,4.8,2023-24,25,IND,82,28,0,1730,332,579,230,326,102,253,77,100,85,235,320,128,47,43,69,143,843,0.573,0.706,0.403,0.77,0.677,0.661,F
89,Immanuel Quickley,4.7,2023-24,24,"NYK,TOR",68,38,0,1985,388,894,217,461,171,433,209,245,17,242,259,331,50,10,101,119,1156,0.434,0.471,0.395,0.853,0.577,0.53,G
90,Jalen Suggs,4.7,2023-24,22,ORL,75,75,0,2025,336,714,183,329,153,385,118,156,48,181,229,205,106,47,132,205,943,0.471,0.556,0.397,0.756,0.602,0.578,G
91,Coby White,4.7,2023-24,23,CHI,79,78,0,2881,541,1209,332,653,209,556,218,260,44,314,358,405,53,18,166,186,1509,0.447,0.508,0.376,0.838,0.57,0.534,G
92,Bobby Portis,4.7,2023-24,28,MIL,82,4,0,2008,466,918,366,672,100,246,98,124,142,465,607,104,68,34,91,189,1130,0.508,0.545,0.407,0.79,0.581,0.562,F
93,Harrison Barnes,4.7,2023-24,31,SAC,82,82,0,2381,347,732,198,347,149,385,157,196,67,182,249,99,54,12,58,98,1000,0.474,0.571,0.387,0.801,0.611,0.576,F
94,Trae Young,4.6,2023-24,25,ATL,54,54,1,1942,433,1008,258,539,175,469,348,407,23,126,149,583,72,11,235,109,1389,0.43,0.479,0.373,0.855,0.585,0.516,G
95,Jonathan Kuminga,4.6,2023-24,21,GSW,74,46,0,1949,456,862,403,697,53,165,223,299,92,263,355,163,55,36,122,169,1188,0.529,0.578,0.321,0.746,0.598,0.56,F
96,Luguentz Dort,4.6,2023-24,24,OKC,79,79,0,2246,288,657,132,261,156,396,128,155,74,210,284,113,72,47,74,228,860,0.438,0.506,0.394,0.826,0.593,0.557,G
97,Tyus Jones,4.5,2023-24,27,WAS,66,66,0,1933,326,666,220,410,106,256,32,40,20,159,179,485,71,18,66,48,790,0.489,0.537,0.414,0.8,0.578,0.569,G
98,Onyeka Okongwu,4.5,2023-24,23,ATL,55,8,0,1405,223,365,200,296,23,69,92,116,145,231,376,74,26,60,45,162,561,0.611,0.676,0.333,0.793,0.674,0.642,F
99,Kyle Anderson,4.5,2023-24,30,MIN,79,10,0,1782,199,433,188,385,11,48,97,137,60,213,273,331,71,47,91,128,506,0.46,0.488,0.229,0.708,0.513,0.472,F-G
100,Wendell Carter Jr.,4.4,2023-24,24,ORL,55,48,0,1406,223,425,159,254,64,171,93,134,112,269,381,95,35,28,68,121,603,0.525,0.626,0.374,0.694,0.623,0.6,C
101,John Collins,4.4,2023-24,26,UTA,68,66,0,1901,397,746,311,514,86,232,147,185,157,418,575,77,40,61,98,191,1027,0.532,0.605,0.371,0.795,0.621,0.59,F
102,Chris Paul,4.3,2023-24,38,GSW,58,18,0,1531,206,467,128,257,78,210,43,52,18,207,225,393,70,6,76,108,533,0.441,0.498,0.371,0.827,0.544,0.525,G
103,Amen Thompson,4.3,2023-24,21,HOU,62,23,0,1388,239,446,231,388,8,58,106,155,148,261,409,163,78,38,90,141,592,0.536,0.595,0.138,0.684,0.576,0.545,G
104,Josh Giddey,4.3,2023-24,21,OKC,80,80,0,2011,402,847,320,604,82,243,100,124,111,403,514,386,51,44,168,111,986,0.475,0.53,0.337,0.806,0.547,0.523,G
105,Scottie Barnes,4.3,2023-24,22,TOR,60,60,1,2094,447,942,346,646,101,296,196,251,141,353,494,363,75,88,165,118,1191,0.475,0.536,0.341,0.781,0.566,0.528,G-F
106,Nickeil Alexander-Walker,4.3,2023-24,25,MIN,82,20,0,1921,236,538,105,203,131,335,52,65,35,132,167,204,64,42,76,143,655,0.439,0.517,0.391,0.8,0.578,0.56,G
107,Mikal Bridges,4.2,2023-24,27,BRK,82,82,0,2854,564,1294,344,702,220,592,258,317,68,304,372,299,81,30,164,116,1606,0.436,0.49,0.372,0.814,0.56,0.521,F-G
108,Isaac Okoro,4.2,2023-24,23,CLE,69,42,0,1887,235,480,151,265,84,215,93,137,67,139,206,132,57,34,54,140,647,0.49,0.57,0.391,0.679,0.599,0.577,G-F
109,Terance Mann,4.2,2023-24,27,LAC,75,71,0,1873,254,493,183,289,71,204,79,95,87,167,254,119,43,15,48,145,658,0.515,0.633,0.348,0.832,0.615,0.587,G-F
110,Brandin Podziemski,4.1,2023-24,20,GSW,74,28,0,1968,271,597,181,363,90,234,50,79,118,309,427,273,61,14,88,122,682,0.454,0.499,0.385,0.633,0.54,0.529,G
111,Rui Hachimura,4.1,2023-24,25,LAL,68,39,0,1826,363,676,265,444,98,232,99,134,58,236,294,81,41,25,46,101,923,0.537,0.597,0.422,0.739,0.628,0.609,F
112,Norman Powell,4.1,2023-24,30,LAC,76,3,0,1990,373,768,206,384,167,384,143,172,16,179,195,82,43,22,66,137,1056,0.486,0.536,0.435,0.831,0.626,0.594,G
113,Ayo Dosunmu,4.1,2023-24,24,CHI,76,37,0,2212,360,719,241,424,119,295,85,105,54,162,216,242,68,36,103,166,924,0.501,0.568,0.403,0.81,0.604,0.583,G
114,Walker Kessler,4.1,2023-24,22,UTA,64,22,0,1493,229,350,225,331,4,19,56,93,165,316,481,60,30,154,66,132,518,0.654,0.68,0.211,0.602,0.663,0.66,C
115,Aaron Nesmith,4.1,2023-24,24,IND,72,47,0,1995,315,635,175,301,140,334,107,137,63,212,275,108,65,49,64,241,877,0.496,0.581,0.419,0.781,0.631,0.606,G-F
116,Larry Nance Jr.,4.1,2023-24,31,NOP,61,0,0,1216,138,241,111,176,27,65,47,61,94,213,307,113,61,19,49,98,350,0.573,0.631,0.415,0.77,0.653,0.629,F-C
117,Kevon Looney,4,2023-24,27,GSW,74,36,0,1195,139,233,139,232,0,1,56,83,143,276,419,133,28,29,50,155,334,0.597,0.599,0,0.675,0.62,0.597,F-C
118,Cason Wallace,4,2023-24,20,OKC,82,13,0,1692,217,442,119,208,98,234,29,37,52,135,187,120,76,37,45,129,561,0.491,0.572,0.419,0.784,0.612,0.602,G
119,Jaime Jaquez Jr.,4,2023-24,22,MIA,75,20,0,2113,341,697,276,495,65,202,142,175,82,203,285,195,77,20,110,167,889,0.489,0.558,0.322,0.811,0.574,0.536,G-F
120,Jalen Smith,4,2023-24,23,IND,61,14,0,1047,234,395,173,251,61,144,72,104,112,225,337,63,17,38,44,124,601,0.592,0.689,0.424,0.692,0.682,0.67,F
121,Bogdan Bogdanović,3.9,2023-24,31,ATL,79,33,0,2401,471,1100,231,459,240,641,151,164,53,219,272,247,96,26,112,179,1333,0.428,0.503,0.374,0.921,0.569,0.537,G
122,Bradley Beal,3.9,2023-24,30,PHO,53,53,0,1767,377,735,276,500,101,235,109,134,54,178,232,265,52,27,131,127,964,0.513,0.552,0.43,0.813,0.607,0.582,G
123,Deandre Ayton,3.9,2023-24,25,POR,55,55,0,1784,427,749,426,739,1,10,65,79,176,433,609,90,56,42,99,109,920,0.57,0.576,0.1,0.823,0.587,0.571,C
124,Max Strus,3.9,2023-24,27,CLE,70,70,0,2239,304,728,136,249,168,479,77,97,66,272,338,283,64,29,112,170,853,0.418,0.546,0.351,0.794,0.553,0.533,G
125,Terry Rozier,3.9,2023-24,29,"CHO,MIA",61,60,0,2040,442,998,293,588,149,410,172,198,35,212,247,342,63,21,106,101,1205,0.443,0.498,0.363,0.869,0.555,0.518,G
126,T.J. McConnell,3.9,2023-24,31,IND,71,4,0,1291,330,593,312,549,18,44,49,62,36,155,191,390,72,8,108,79,727,0.556,0.568,0.409,0.79,0.586,0.572,G
127,Julius Randle,3.8,2023-24,29,NYK,46,46,1,1630,395,836,319,592,76,244,236,302,99,324,423,229,25,12,159,125,1102,0.472,0.539,0.311,0.781,0.569,0.518,F-C
128,Jalen Johnson,3.8,2023-24,22,ATL,56,52,0,1889,359,702,288,502,71,200,107,147,74,414,488,203,67,47,101,133,896,0.511,0.574,0.355,0.728,0.584,0.562,F
129,Jakob Poeltl,3.8,2023-24,28,TOR,50,50,0,1319,248,378,248,378,0,0,59,107,146,283,429,127,35,76,77,149,555,0.656,0.656,,0.551,0.653,0.656,C
130,Victor Wembanyama,3.7,2023-24,20,SAS,71,71,0,2106,551,1186,423,792,128,394,292,367,161,594,755,274,88,254,260,153,1522,0.465,0.534,0.325,0.796,0.565,0.519,C-F
131,Goga Bitadze,3.7,2023-24,24,ORL,62,33,0,957,126,209,124,195,2,14,57,87,109,177,286,79,32,72,44,107,311,0.603,0.636,0.143,0.655,0.629,0.608,C
132,Aaron Wiggins,3.7,2023-24,25,OKC,78,4,0,1228,212,377,150,251,62,126,56,71,60,126,186,86,56,19,56,91,542,0.562,0.598,0.492,0.789,0.664,0.645,G
133,Spencer Dinwiddie,3.6,2023-24,30,"BRK,LAL",76,52,0,2152,251,640,127,272,124,368,169,210,30,175,205,356,51,22,91,138,795,0.392,0.467,0.337,0.805,0.543,0.489,G
134,Miles McBride,3.6,2023-24,23,NYK,68,14,0,1328,205,454,96,188,109,266,43,50,31,69,100,114,50,7,30,108,562,0.452,0.511,0.41,0.86,0.59,0.572,G
135,Cole Anthony,3.6,2023-24,23,ORL,81,0,0,1817,332,763,239,488,93,275,180,218,64,247,311,236,64,37,126,175,937,0.435,0.49,0.338,0.826,0.545,0.496,G
136,Duncan Robinson,3.6,2023-24,29,MIA,68,36,0,1905,304,675,117,202,187,473,80,90,15,158,173,192,46,16,95,163,875,0.45,0.579,0.395,0.889,0.612,0.589,G-F
137,Devin Vassell,3.6,2023-24,23,SAS,68,62,0,2248,498,1056,332,610,166,446,161,201,27,234,261,277,73,23,108,74,1323,0.472,0.544,0.372,0.801,0.578,0.55,G-F
138,Caris LeVert,3.6,2023-24,29,CLE,68,10,0,1958,345,820,237,488,108,332,154,201,39,241,280,346,76,34,117,121,952,0.421,0.486,0.325,0.766,0.524,0.487,G-F
139,Draymond Green,3.6,2023-24,33,GSW,55,52,0,1490,185,372,134,243,51,129,54,74,76,322,398,332,55,47,135,166,475,0.497,0.551,0.395,0.73,0.587,0.566,F
140,Jonathan Isaac,3.6,2023-24,26,ORL,58,2,0,914,146,286,104,174,42,112,59,82,73,187,260,30,43,70,27,64,393,0.51,0.598,0.375,0.72,0.61,0.584,F
141,Klay Thompson,3.6,2023-24,33,GSW,77,63,0,2284,490,1133,222,441,268,692,127,137,35,219,254,176,50,35,117,127,1375,0.432,0.503,0.387,0.927,0.576,0.551,G-F
142,Malik Beasley,3.5,2023-24,27,MIL,79,77,0,2337,320,722,96,180,224,542,25,35,41,249,290,108,59,9,54,158,889,0.443,0.533,0.413,0.714,0.603,0.598,G
143,Kyle Lowry,3.5,2023-24,37,"MIA,PHI",60,55,0,1690,163,377,65,127,98,250,63,75,34,160,194,253,59,21,85,146,487,0.432,0.512,0.392,0.84,0.594,0.562,G
144,Malik Monk,3.5,2023-24,25,SAC,72,0,0,1872,396,893,248,470,148,423,170,205,28,184,212,370,45,39,150,156,1110,0.443,0.528,0.35,0.829,0.564,0.526,G
145,Isaiah Joe,3.5,2023-24,24,OKC,78,1,0,1445,222,485,75,132,147,353,45,52,32,148,180,99,46,22,47,87,636,0.458,0.568,0.416,0.865,0.626,0.609,G
146,Buddy Hield,3.5,2023-24,31,"IND,PHI",84,42,0,2160,371,850,152,282,219,568,52,59,61,208,269,236,70,42,103,169,1013,0.436,0.539,0.386,0.881,0.578,0.565,G-F
147,Saddiq Bey,3.5,2023-24,24,ATL,63,51,0,2062,290,697,177,339,113,358,170,203,167,244,411,92,51,11,54,88,863,0.416,0.522,0.316,0.837,0.549,0.497,F
148,Precious Achiuwa,3.4,2023-24,24,"NYK,TOR",74,18,0,1624,235,469,209,372,26,97,69,112,191,296,487,97,46,68,83,143,565,0.501,0.562,0.268,0.616,0.545,0.529,F
149,Royce O'Neale,3.4,2023-24,30,"BRK,PHO",79,14,0,1954,214,539,58,117,156,422,24,35,60,317,377,219,59,44,73,174,608,0.397,0.496,0.37,0.686,0.548,0.542,F
150,Christian Braun,3.4,2023-24,22,DEN,82,4,0,1655,222,483,159,319,63,164,93,134,79,227,306,132,42,35,55,137,600,0.46,0.498,0.384,0.694,0.554,0.525,G
151,Khris Middleton,3.4,2023-24,32,MIL,55,55,0,1487,317,643,223,396,94,247,100,120,40,217,257,292,51,15,127,141,828,0.493,0.563,0.381,0.833,0.595,0.566,F-G
152,Jaden McDaniels,3.4,2023-24,23,MIN,72,71,0,2105,307,628,221,373,86,255,57,79,56,168,224,101,63,42,87,219,757,0.489,0.592,0.337,0.722,0.571,0.557,F
153,Cameron Johnson,3.3,2023-24,27,BRK,58,47,0,1599,276,619,138,266,138,353,86,109,55,196,251,138,49,15,57,105,776,0.446,0.519,0.391,0.789,0.582,0.557,F
154,Nicolas Batum,3.3,2023-24,35,"LAC,PHI",60,38,0,1529,116,256,43,71,73,185,15,21,70,178,248,128,48,38,40,109,320,0.453,0.606,0.395,0.714,0.603,0.596,F-G
155,Isaiah Jackson,3.3,2023-24,22,IND,59,3,0,771,155,233,155,229,0,4,73,102,94,144,238,50,34,61,39,137,383,0.665,0.677,0,0.716,0.689,0.665,C-F
156,Dennis Schröder,3.3,2023-24,30,"BRK,TOR",80,58,0,2486,403,927,265,559,138,368,178,213,39,203,242,488,63,17,153,164,1122,0.435,0.474,0.375,0.836,0.55,0.509,G
157,Kevin Love,3.3,2023-24,35,MIA,55,5,0,924,158,359,74,115,84,244,85,108,59,279,338,115,18,10,48,97,485,0.44,0.643,0.344,0.787,0.597,0.557,F-C
158,Deni Avdija,3.2,2023-24,23,WAS,75,75,0,2257,406,803,318,568,88,235,202,273,84,456,540,286,60,36,160,185,1102,0.506,0.56,0.374,0.74,0.597,0.56,G-F
159,Dwight Powell,3.1,2023-24,32,DAL,63,9,0,836,72,106,71,103,1,3,63,89,97,117,214,84,26,20,32,113,208,0.679,0.689,0.333,0.708,0.716,0.684,F-C
160,Drew Eubanks,3.1,2023-24,26,PHO,75,6,0,1169,152,253,149,250,3,3,72,93,103,219,322,63,27,61,61,115,379,0.601,0.596,1,0.774,0.645,0.607,F
161,Derrick Jones Jr.,3.1,2023-24,26,DAL,76,66,0,1783,239,495,157,256,82,239,97,136,82,168,250,75,53,51,65,121,657,0.483,0.613,0.343,0.713,0.592,0.566,F
162,Haywood Highsmith,3.1,2023-24,27,MIA,66,26,0,1366,153,329,77,137,76,192,23,36,65,145,210,70,53,30,34,117,405,0.465,0.562,0.396,0.639,0.587,0.581,F
163,Desmond Bane,3.1,2023-24,25,MEM,42,42,0,1443,360,776,223,416,137,360,140,161,36,149,185,230,43,22,112,120,997,0.464,0.536,0.381,0.87,0.589,0.552,G
164,Jalen Green,3.1,2023-24,21,HOU,82,82,0,2601,563,1332,362,727,201,605,283,352,41,382,423,291,66,28,191,115,1610,0.423,0.498,0.332,0.804,0.541,0.498,G
165,Keldon Johnson,3,2023-24,24,SAS,69,27,0,2038,391,862,264,495,127,367,175,221,95,282,377,195,51,20,100,149,1084,0.454,0.533,0.346,0.792,0.565,0.527,G
166,Kelly Oubre Jr.,3,2023-24,28,PHI,68,52,0,2055,387,878,286,553,101,325,174,232,94,247,341,101,77,47,87,194,1049,0.441,0.517,0.311,0.75,0.535,0.498,F
167,Jaren Jackson Jr.,3,2023-24,24,MEM,66,66,0,2124,516,1162,399,796,117,366,337,417,85,280,365,154,80,106,160,235,1486,0.444,0.501,0.32,0.808,0.552,0.494,F
168,Jabari Walker,2.9,2023-24,21,POR,72,23,0,1700,234,509,193,370,41,139,129,171,151,357,508,71,42,22,66,173,638,0.46,0.522,0.295,0.754,0.546,0.5,F
169,Day'Ron Sharpe,2.9,2023-24,22,BRK,61,1,0,921,168,294,164,279,4,15,75,123,161,228,389,85,24,44,70,131,415,0.571,0.588,0.267,0.61,0.596,0.578,C
170,Kevin Huerter,2.9,2023-24,25,SAC,64,59,0,1562,248,560,125,219,123,341,36,47,38,186,224,166,45,23,53,135,655,0.443,0.571,0.361,0.766,0.564,0.553,G
171,Dyson Daniels,2.9,2023-24,20,NOP,61,16,0,1358,139,311,97,176,42,135,34,53,62,174,236,164,85,25,59,101,354,0.447,0.551,0.311,0.642,0.529,0.514,G
172,Dante Exum,2.9,2023-24,28,DAL,55,17,0,1088,161,302,108,194,53,108,53,68,25,124,149,157,22,5,49,85,428,0.533,0.557,0.491,0.779,0.645,0.621,G
173,RJ Barrett,2.9,2023-24,23,"NYK,TOR",58,58,0,1838,436,880,346,630,90,250,208,291,53,262,315,193,31,22,126,129,1170,0.495,0.549,0.36,0.715,0.58,0.547,G-F
174,Andrew Wiggins,2.8,2023-24,28,GSW,71,59,0,1920,353,780,262,526,91,254,142,189,108,213,321,119,42,41,87,147,939,0.453,0.498,0.358,0.751,0.544,0.511,F-G
175,Dario Šarić,2.8,2023-24,29,GSW,64,9,0,1098,181,388,107,191,74,197,79,93,73,210,283,144,31,10,78,112,515,0.466,0.56,0.376,0.849,0.6,0.562,F-C
176,Vince Williams Jr.,2.8,2023-24,23,MEM,52,33,0,1436,169,379,90,170,79,209,104,130,59,231,290,175,47,34,92,135,521,0.446,0.529,0.378,0.8,0.597,0.55,F
177,Pat Connaughton,2.8,2023-24,31,MIL,76,3,0,1676,151,347,69,109,82,238,44,58,51,188,239,161,40,19,49,99,428,0.435,0.633,0.345,0.759,0.574,0.553,G
178,Sam Merrill,2.8,2023-24,27,CLE,61,1,0,1069,158,393,15,39,143,354,26,28,22,98,120,108,19,4,19,72,485,0.402,0.385,0.404,0.929,0.598,0.584,G
179,Patrick Beverley,2.7,2023-24,35,"MIL,PHI",73,13,0,1462,158,379,97,198,61,181,74,90,49,190,239,212,43,31,65,128,451,0.417,0.49,0.337,0.822,0.539,0.497,G
180,Jerami Grant,2.7,2023-24,29,POR,54,54,0,1830,383,850,272,574,111,276,255,312,37,154,191,152,45,34,116,117,1132,0.451,0.474,0.402,0.817,0.573,0.516,F
181,Gary Harris,2.7,2023-24,29,ORL,54,27,0,1297,131,297,55,92,76,205,34,45,24,67,91,87,49,14,31,91,372,0.441,0.598,0.371,0.756,0.587,0.569,G
182,Marvin Bagley III,2.7,2023-24,24,"DET,WAS",50,25,0,1053,239,408,230,385,9,23,96,126,130,182,312,55,20,33,59,81,583,0.586,0.597,0.391,0.762,0.629,0.597,F-C
183,Dillon Brooks,2.7,2023-24,28,HOU,72,72,0,2227,329,768,196,398,133,370,124,147,53,193,246,119,64,10,88,241,915,0.428,0.492,0.359,0.844,0.549,0.515,F-G
184,Darius Garland,2.7,2023-24,24,CLE,57,57,0,1901,375,841,243,485,132,356,146,175,30,122,152,373,74,7,176,95,1028,0.446,0.501,0.371,0.834,0.56,0.524,G
185,Grant Williams,2.6,2023-24,25,"CHO,DAL",76,43,0,2130,276,605,150,269,126,336,106,140,86,232,318,174,44,39,109,226,784,0.456,0.558,0.375,0.757,0.588,0.56,F
186,Naji Marshall,2.6,2023-24,26,NOP,66,1,0,1257,170,367,112,217,58,150,68,86,53,187,240,128,49,12,65,91,466,0.463,0.516,0.387,0.791,0.576,0.542,F
187,Joe Ingles,2.6,2023-24,36,ORL,68,0,0,1169,99,227,29,66,70,161,28,34,18,124,142,203,43,5,67,88,296,0.436,0.439,0.435,0.824,0.612,0.59,F-G
188,Dorian Finney-Smith,2.6,2023-24,30,BRK,68,56,0,1934,215,511,98,175,117,336,33,46,109,208,317,107,56,38,59,150,580,0.421,0.56,0.348,0.717,0.546,0.535,F
189,OG Anunoby,2.6,2023-24,26,"NYK,TOR",50,50,0,1702,282,577,180,310,102,267,67,89,47,161,208,107,68,36,81,119,733,0.489,0.581,0.382,0.753,0.595,0.577,F
190,Malcolm Brogdon,2.6,2023-24,31,POR,39,25,0,1121,218,496,136,297,82,199,95,116,28,120,148,214,27,8,60,58,613,0.44,0.458,0.412,0.819,0.56,0.522,G
191,Jeff Green,2.6,2023-24,37,HOU,78,6,0,1307,167,366,114,206,53,160,122,149,46,132,178,70,16,31,46,100,509,0.456,0.553,0.331,0.819,0.59,0.529,F
192,Amir Coffey,2.6,2023-24,26,LAC,70,13,0,1460,166,352,96,168,70,184,61,71,29,119,148,76,41,14,33,102,463,0.472,0.571,0.38,0.859,0.604,0.571,G
193,Dean Wade,2.5,2023-24,27,CLE,54,32,0,1108,96,232,17,30,79,202,20,26,37,181,218,43,40,25,20,93,291,0.414,0.567,0.391,0.769,0.598,0.584,F
194,Cam Thomas,2.5,2023-24,22,BRK,66,51,0,2075,526,1190,382,794,144,396,286,334,28,186,214,192,45,16,124,138,1482,0.442,0.481,0.364,0.856,0.554,0.503,G
195,Jordan McLaughlin,2.5,2023-24,27,MIN,56,0,0,626,70,145,28,56,42,89,13,18,18,54,72,110,35,7,19,31,195,0.483,0.5,0.472,0.722,0.638,0.628,G
196,Daniel Theis,2.5,2023-24,31,"IND,LAC",60,3,0,1015,156,293,130,222,26,71,38,50,85,159,244,61,21,51,42,127,376,0.532,0.586,0.366,0.76,0.597,0.577,C
197,Eric Gordon,2.5,2023-24,35,PHO,68,24,0,1893,274,618,124,221,150,397,51,64,16,106,122,139,66,30,73,79,749,0.443,0.561,0.378,0.797,0.58,0.565,G-F
198,Mitchell Robinson,2.5,2023-24,25,NYK,31,21,0,768,73,127,73,127,0,0,27,66,142,121,263,18,37,35,25,55,173,0.575,0.575,,0.409,0.554,0.575,C
199,Aaron Holiday,2.5,2023-24,27,HOU,78,1,0,1269,186,417,102,200,84,217,58,63,23,100,123,140,42,6,53,125,514,0.446,0.51,0.387,0.921,0.578,0.547,G
200,Jaxson Hayes,2.5,2023-24,23,LAL,70,5,0,877,126,175,126,167,0,8,51,82,69,142,211,33,34,29,43,123,303,0.72,0.754,0,0.622,0.718,0.72,F
201,Kenrich Williams,2.5,2023-24,29,OKC,69,1,0,1029,131,280,75,139,56,141,7,14,61,148,209,93,38,9,32,101,325,0.468,0.54,0.397,0.5,0.568,0.568,G-F
202,Peyton Watson,2.5,2023-24,21,DEN,80,4,0,1488,208,447,163,295,45,152,71,106,56,202,258,86,42,88,58,143,532,0.465,0.553,0.296,0.67,0.539,0.516,G-F
203,Georges Niang,2.4,2023-24,30,CLE,82,10,0,1831,284,632,135,236,149,396,51,60,22,256,278,98,30,18,72,192,768,0.449,0.572,0.376,0.85,0.583,0.567,F
204,Moses Moody,2.4,2023-24,21,GSW,66,9,0,1156,194,420,122,220,72,200,73,93,65,131,196,57,42,24,44,90,533,0.462,0.555,0.36,0.785,0.578,0.548,G
205,Jaylin Williams,2.4,2023-24,21,OKC,69,1,0,897,95,228,42,84,53,144,33,41,36,198,234,110,28,27,34,98,276,0.417,0.5,0.368,0.805,0.561,0.533,F
206,Cameron Payne,2.4,2023-24,29,"MIL,PHI",78,10,0,1304,208,481,104,214,104,267,58,67,21,96,117,205,42,11,66,126,578,0.432,0.486,0.39,0.866,0.566,0.541,G
207,Caleb Martin,2.4,2023-24,28,MIA,64,23,0,1756,241,559,160,327,81,232,77,99,74,207,281,143,47,29,77,126,640,0.431,0.489,0.349,0.778,0.531,0.504,F
208,Duop Reath,2.4,2023-24,27,POR,68,20,0,1214,230,499,142,254,88,245,69,93,93,157,250,67,33,38,52,161,617,0.461,0.559,0.359,0.742,0.571,0.549,C
209,Trey Lyles,2.4,2023-24,28,SAC,58,0,0,1158,143,321,59,102,84,219,49,70,61,196,257,72,17,19,38,86,419,0.445,0.578,0.384,0.7,0.596,0.576,F
210,Santi Aldama,2.4,2023-24,23,MEM,61,35,0,1618,247,568,141,264,106,304,54,87,72,280,352,138,43,54,69,89,654,0.435,0.534,0.349,0.621,0.539,0.528,F
211,Keon Ellis,2.3,2023-24,24,SAC,57,21,0,978,107,232,37,64,70,168,26,35,32,92,124,85,51,29,37,112,310,0.461,0.578,0.417,0.743,0.627,0.612,G
212,Jock Landale,2.3,2023-24,28,HOU,56,3,0,763,106,206,96,166,10,40,52,65,88,84,172,65,20,33,31,74,274,0.515,0.578,0.25,0.8,0.584,0.539,C
213,Bruce Brown,2.2,2023-24,27,"IND,TOR",67,44,0,1866,278,582,225,418,53,164,117,142,53,231,284,192,59,17,86,148,726,0.478,0.538,0.323,0.824,0.563,0.523,G-F
214,Josh Green,2.2,2023-24,23,DAL,57,33,0,1505,179,374,107,187,72,187,39,57,40,144,184,130,47,9,60,107,469,0.479,0.572,0.385,0.684,0.588,0.575,G-F
215,Anfernee Simons,2.2,2023-24,24,POR,46,46,0,1582,360,837,204,432,156,405,163,178,22,145,167,255,23,5,126,98,1039,0.43,0.472,0.385,0.916,0.568,0.523,G
216,Tim Hardaway Jr.,2.2,2023-24,31,DAL,79,12,0,2120,392,976,181,379,211,597,144,169,22,232,254,139,42,6,69,106,1139,0.402,0.478,0.353,0.852,0.542,0.51,G
217,John Konchar,2.2,2023-24,27,MEM,55,23,0,1173,88,208,50,88,38,120,21,25,72,185,257,110,51,51,46,76,235,0.423,0.568,0.317,0.84,0.537,0.514,G
218,Matisse Thybulle,2.2,2023-24,26,POR,65,19,0,1487,126,317,46,86,80,231,22,29,30,106,136,90,113,49,40,93,354,0.397,0.535,0.346,0.759,0.537,0.524,G
219,De'Andre Hunter,2.2,2023-24,26,ATL,57,37,0,1681,304,663,187,359,117,304,166,196,31,191,222,87,40,16,83,146,891,0.459,0.521,0.385,0.847,0.595,0.547,F
220,Miles Bridges,2.2,2023-24,25,CHO,69,67,0,2581,559,1210,402,760,157,450,174,211,71,434,505,231,65,33,138,118,1449,0.462,0.529,0.349,0.825,0.556,0.527,G-F
221,Josh Richardson,2.1,2023-24,30,MIA,43,6,0,1103,154,347,88,157,66,190,51,54,18,103,121,105,24,14,36,76,425,0.444,0.561,0.347,0.944,0.573,0.539,G
222,James Wiseman,2.1,2023-24,22,DET,63,6,0,1091,187,305,187,303,0,2,72,102,110,226,336,54,12,39,66,141,446,0.613,0.617,0,0.706,0.637,0.613,C
223,De'Anthony Melton,2.1,2023-24,25,PHI,38,33,0,1023,139,360,62,146,77,214,66,79,28,113,141,114,60,16,39,84,421,0.386,0.425,0.36,0.835,0.533,0.493,G
224,Reggie Jackson,2.1,2023-24,33,DEN,82,23,0,1817,326,756,224,472,102,284,79,98,33,122,155,308,44,13,106,149,833,0.431,0.475,0.359,0.806,0.521,0.499,G
225,Russell Westbrook,2.1,2023-24,35,LAC,68,11,0,1529,301,663,259,509,42,154,110,160,93,250,343,306,74,23,144,121,754,0.454,0.509,0.273,0.688,0.514,0.486,G
226,Mark Williams,2.1,2023-24,22,CHO,19,19,0,508,98,151,98,151,0,0,46,64,76,108,184,22,16,20,17,50,242,0.649,0.649,,0.719,0.675,0.649,C
227,Simone Fontecchio,2.1,2023-24,28,"DET,UTA",66,43,0,1644,252,548,118,214,134,334,54,66,64,182,246,101,44,23,68,110,692,0.46,0.551,0.401,0.818,0.6,0.582,F
228,Josh Okogie,2.1,2023-24,25,PHO,60,11,0,960,86,206,57,112,29,94,76,102,74,80,154,64,48,24,36,68,277,0.417,0.509,0.309,0.745,0.552,0.488,G
229,Jose Alvarado,2.1,2023-24,25,NOP,56,0,0,1028,142,345,64,138,78,207,35,52,25,103,128,117,59,15,40,89,397,0.412,0.464,0.377,0.673,0.54,0.525,G
230,Corey Kispert,2.1,2023-24,24,WAS,80,22,0,2067,386,794,202,314,184,480,114,157,30,195,225,156,41,16,98,141,1070,0.486,0.643,0.383,0.726,0.62,0.602,G-F
231,Luke Kennard,2.1,2023-24,27,MEM,39,22,0,999,141,315,34,77,107,238,40,45,11,102,113,136,20,2,54,39,429,0.448,0.442,0.45,0.889,0.641,0.617,G
232,Mason Plumlee,2,2023-24,33,LAC,46,11,0,674,87,153,87,147,0,6,70,99,60,174,234,55,14,17,36,68,244,0.569,0.592,0,0.707,0.621,0.569,C-F
233,Andrew Nembhard,2,2023-24,24,IND,68,47,0,1697,260,522,199,351,61,171,45,56,36,105,141,280,63,6,101,143,626,0.498,0.567,0.357,0.804,0.573,0.557,G
234,Tyler Herro,2,2023-24,24,MIA,42,40,0,1407,324,735,192,402,132,333,95,111,19,203,222,188,30,3,93,63,875,0.441,0.478,0.396,0.856,0.558,0.531,G
235,Toumani Camara,2,2023-24,23,POR,70,49,0,1739,197,438,139,266,58,172,75,99,139,204,343,87,66,33,84,174,527,0.45,0.523,0.337,0.758,0.547,0.516,F
236,Kris Dunn,2,2023-24,29,UTA,66,32,0,1249,147,313,106,202,41,111,22,32,50,139,189,254,68,28,79,135,357,0.47,0.525,0.369,0.688,0.546,0.535,G
237,Mo Bamba,2,2023-24,25,PHI,57,17,0,740,97,198,72,134,25,64,34,50,77,161,238,41,22,60,39,101,253,0.49,0.537,0.391,0.68,0.575,0.553,C
238,Nikola Jović,1.9,2023-24,20,MIA,46,38,0,896,127,281,62,118,65,163,33,47,25,167,192,90,25,14,42,82,352,0.452,0.525,0.399,0.702,0.583,0.568,G-F
239,Taurean Prince,1.9,2023-24,29,LAL,78,49,0,2108,253,572,112,216,141,356,50,68,21,209,230,119,58,35,73,146,697,0.442,0.519,0.396,0.735,0.579,0.566,F
240,Torrey Craig,1.9,2023-24,33,CHI,53,14,0,1049,108,251,48,98,60,153,27,36,69,148,217,58,30,21,32,110,303,0.43,0.49,0.392,0.75,0.568,0.55,G-F
241,Cedi Osman,1.9,2023-24,28,SAS,72,3,0,1269,184,384,98,163,86,221,35,52,25,155,180,119,36,11,47,107,489,0.479,0.601,0.389,0.673,0.601,0.591,F
242,P.J. Washington,1.9,2023-24,25,"CHO,DAL",73,45,0,2221,354,811,222,398,132,413,99,145,85,326,411,141,72,59,96,169,939,0.436,0.558,0.32,0.683,0.537,0.518,F
243,Zach Collins,1.8,2023-24,26,SAS,69,29,0,1526,298,616,240,435,58,181,122,162,118,252,370,194,34,52,132,206,776,0.484,0.552,0.32,0.753,0.565,0.531,C-F
244,Justin Holiday,1.8,2023-24,34,DEN,58,9,0,862,88,194,33,58,55,136,3,4,9,62,71,67,36,9,14,69,234,0.454,0.569,0.404,0.75,0.598,0.595,F
245,Julian Champagnie,1.8,2023-24,22,SAS,74,59,0,1468,164,402,63,125,101,277,75,92,42,164,206,103,48,42,57,77,504,0.408,0.504,0.365,0.815,0.57,0.534,F
246,Neemias Queta,1.8,2023-24,24,BOS,28,0,0,333,67,104,67,104,0,0,20,28,53,69,122,20,13,21,13,50,154,0.644,0.644,,0.714,0.662,0.644,C
247,Trendon Watford,1.8,2023-24,23,BRK,63,2,0,856,164,311,137,243,27,68,77,97,52,142,194,81,23,19,63,106,432,0.527,0.564,0.397,0.794,0.611,0.571,F
248,Gary Payton II,1.8,2023-24,31,GSW,44,0,0,680,103,183,83,128,20,55,14,23,46,67,113,48,39,18,27,77,240,0.563,0.648,0.364,0.609,0.621,0.617,G
249,Cade Cunningham,1.8,2023-24,22,DET,62,62,0,2074,524,1167,405,832,119,335,238,274,33,235,268,464,56,22,212,153,1405,0.449,0.487,0.355,0.869,0.546,0.5,G
250,Dennis Smith Jr.,1.8,2023-24,26,BRK,56,2,0,1059,147,338,115,229,32,109,43,58,50,114,164,203,68,12,68,121,369,0.435,0.502,0.294,0.741,0.508,0.482,G
251,Jae'Sean Tate,1.8,2023-24,28,HOU,65,9,0,1031,108,229,85,152,23,77,26,39,61,136,197,64,42,15,37,137,265,0.472,0.559,0.299,0.667,0.538,0.522,F
252,Ausar Thompson,1.8,2023-24,21,DET,63,38,0,1583,232,480,211,367,21,113,71,119,129,273,402,120,68,59,84,175,556,0.483,0.575,0.186,0.597,0.522,0.505,G
253,Chris Boucher,1.7,2023-24,31,TOR,50,0,0,705,110,217,79,123,31,94,71,92,62,145,207,23,14,24,28,68,322,0.507,0.642,0.33,0.772,0.625,0.578,F
254,Oshae Brissett,1.7,2023-24,25,BOS,55,1,0,630,68,153,53,98,15,55,50,83,61,99,160,44,19,8,20,54,201,0.444,0.541,0.273,0.602,0.53,0.493,F
255,Delon Wright,1.7,2023-24,31,"MIA,WAS",47,1,0,742,74,188,49,120,25,68,37,45,19,67,86,119,54,11,14,32,210,0.394,0.408,0.368,0.822,0.505,0.46,G
256,Gary Trent Jr.,1.7,2023-24,25,TOR,71,41,0,1994,361,847,183,394,178,453,74,96,25,163,188,119,77,10,47,96,974,0.426,0.464,0.393,0.771,0.548,0.531,G
257,Isaiah Stewart,1.7,2023-24,22,DET,46,45,0,1423,186,382,119,207,67,175,64,85,74,231,305,73,17,38,66,99,503,0.487,0.575,0.383,0.753,0.6,0.575,F-C
258,Bol Bol,1.6,2023-24,24,PHO,43,0,0,469,93,151,71,99,22,52,15,19,32,105,137,17,10,25,19,42,223,0.616,0.717,0.423,0.789,0.7,0.689,F-C
259,Anthony Black,1.6,2023-24,20,ORL,69,33,0,1164,115,247,78,153,37,94,49,80,33,106,139,91,35,21,56,110,316,0.466,0.51,0.394,0.613,0.56,0.54,G
260,Thomas Bryant,1.6,2023-24,26,MIA,38,4,0,441,86,149,82,127,4,22,41,47,40,101,141,23,10,16,21,46,217,0.577,0.646,0.182,0.872,0.639,0.591,C
261,Garrison Mathews,1.6,2023-24,27,ATL,66,5,0,992,103,226,18,33,85,193,34,42,17,75,92,37,20,8,19,115,325,0.456,0.545,0.44,0.81,0.665,0.644,G
262,Jae Crowder,1.6,2023-24,33,MIL,50,25,0,1156,114,270,56,104,58,166,26,36,31,130,161,66,38,9,23,74,312,0.422,0.538,0.349,0.722,0.546,0.53,F
263,Jericho Sims,1.5,2023-24,25,NYK,45,11,0,585,38,55,38,55,0,0,16,24,56,91,147,25,8,19,16,45,92,0.691,0.691,,0.667,0.702,0.691,F
264,Chimezie Metu,1.5,2023-24,26,"DET,PHO",51,12,0,859,123,244,95,150,28,94,58,64,41,153,194,46,43,16,52,71,332,0.504,0.633,0.298,0.906,0.61,0.561,F-C
265,Caleb Houstan,1.5,2023-24,21,ORL,59,13,0,815,80,206,8,13,72,193,21,26,28,56,84,29,15,4,16,61,253,0.388,0.615,0.373,0.808,0.582,0.563,G-F
266,Gordon Hayward,1.5,2023-24,33,"CHO,OKC",51,28,0,1245,187,403,150,313,37,90,89,120,38,143,181,158,40,13,66,67,500,0.464,0.479,0.411,0.742,0.548,0.51,F-G
267,Cam Whitmore,1.5,2023-24,19,HOU,47,2,0,880,212,467,133,247,79,220,76,112,44,136,180,33,30,17,46,64,579,0.454,0.538,0.359,0.679,0.561,0.539,F
268,Robert Covington,1.5,2023-24,33,"LAC,PHI",29,6,0,488,43,98,24,42,19,56,22,26,31,66,97,24,39,18,11,56,127,0.439,0.571,0.339,0.846,0.58,0.536,F-C
269,Bruno Fernando,1.5,2023-24,25,ATL,45,2,0,682,109,187,109,183,0,4,64,96,59,134,193,46,25,28,44,107,282,0.583,0.596,0,0.667,0.615,0.583,F
270,Craig Porter Jr.,1.5,2023-24,23,CLE,51,6,0,649,116,228,104,194,12,34,41,56,21,88,109,118,21,15,45,40,285,0.509,0.536,0.353,0.732,0.564,0.535,G
271,Zach LaVine,1.5,2023-24,28,CHI,25,23,0,872,170,376,111,207,59,169,88,103,8,121,129,98,21,8,52,57,487,0.452,0.536,0.349,0.854,0.578,0.531,G-F
272,Xavier Tillman Sr.,1.4,2023-24,25,"BOS,MEM",54,15,0,974,121,279,101,198,20,81,22,50,70,141,211,77,51,44,34,75,284,0.434,0.51,0.247,0.44,0.472,0.47,F
273,Maxi Kleber,1.4,2023-24,32,DAL,43,7,0,871,63,146,31,54,32,92,33,47,30,113,143,68,17,30,28,79,191,0.432,0.574,0.348,0.702,0.573,0.541,F
274,Bennedict Mathurin,1.4,2023-24,21,IND,59,19,0,1538,296,663,216,449,80,214,184,224,60,174,234,119,35,14,97,117,856,0.446,0.481,0.374,0.821,0.562,0.507,G-F
275,Jacob Gilyard,1.4,2023-24,25,"BRK,MEM",41,14,0,699,60,150,9,24,51,126,2,2,9,37,46,137,33,5,30,39,173,0.4,0.375,0.405,1,0.573,0.57,G
276,Alec Burks,1.4,2023-24,32,"DET,NYK",66,1,0,1212,210,569,86,239,124,330,145,167,24,126,150,88,28,12,48,75,689,0.369,0.36,0.376,0.868,0.536,0.478,G
277,Tristan Thompson,1.4,2023-24,32,CLE,49,0,0,549,73,120,73,119,0,1,15,52,73,101,174,51,12,14,29,59,161,0.608,0.613,0,0.288,0.563,0.608,F-C
278,Jeremy Sochan,1.4,2023-24,20,SAS,74,73,0,2193,340,776,270,549,70,227,111,144,137,339,476,249,62,40,140,168,861,0.438,0.492,0.308,0.771,0.513,0.483,F-G
279,Davion Mitchell,1.3,2023-24,25,SAC,72,4,0,1101,146,323,89,165,57,158,30,42,19,76,95,134,17,3,43,85,379,0.452,0.539,0.361,0.714,0.555,0.54,G
280,Richaun Holmes,1.3,2023-24,30,"DAL,WAS",40,10,0,555,82,147,81,144,1,3,34,47,71,111,182,25,11,19,24,74,199,0.558,0.563,0.333,0.723,0.593,0.561,C-F
281,Markelle Fultz,1.3,2023-24,25,ORL,43,18,0,910,154,326,150,308,4,18,23,33,56,82,138,120,42,15,50,65,335,0.472,0.487,0.222,0.697,0.492,0.479,G
282,Danilo Gallinari,1.3,2023-24,35,"DET,MIL,WAS",49,0,0,630,83,190,53,97,30,93,84,98,20,88,108,55,14,6,23,50,280,0.437,0.546,0.323,0.857,0.601,0.516,F
283,Jordan Hawkins,1.3,2023-24,21,NOP,67,10,0,1160,174,456,65,158,109,298,67,80,29,119,148,70,19,7,40,72,524,0.382,0.411,0.366,0.838,0.533,0.501,G
284,Quentin Grimes,1.3,2023-24,23,"DET,NYK",51,18,0,1025,122,328,41,88,81,240,34,45,15,85,100,66,35,7,28,75,359,0.372,0.466,0.338,0.756,0.516,0.495,G
285,Alex Len,1.3,2023-24,30,SAC,48,0,0,444,50,81,50,78,0,3,20,34,46,82,128,50,11,33,27,66,120,0.617,0.641,0,0.588,0.625,0.617,C
286,Keita Bates-Diop,1.3,2023-24,28,"BRK,PHO",53,8,0,665,72,166,51,97,21,69,32,42,31,79,110,38,25,22,15,35,197,0.434,0.526,0.304,0.762,0.534,0.497,F
287,Thaddeus Young,1.3,2023-24,35,"PHO,TOR",33,6,0,439,65,108,64,101,1,7,6,15,46,57,103,57,23,5,15,49,137,0.602,0.634,0.143,0.4,0.598,0.606,F
288,Tari Eason,1.3,2023-24,22,HOU,22,0,0,480,88,189,70,139,18,50,21,33,46,107,153,27,31,19,20,51,215,0.466,0.504,0.36,0.636,0.528,0.513,F
289,Taylor Hendricks,1.2,2023-24,20,UTA,40,23,0,856,108,240,55,100,53,140,23,29,46,139,185,32,28,30,27,77,292,0.45,0.55,0.379,0.793,0.578,0.56,G
290,GG Jackson II,1.2,2023-24,19,MEM,48,18,0,1233,241,563,139,277,102,286,115,153,53,143,196,59,28,24,65,64,699,0.428,0.502,0.357,0.752,0.554,0.519,F
291,Monte Morris,1.2,2023-24,28,"DET,MIN",33,0,0,476,62,153,35,83,27,70,13,19,7,50,57,69,19,9,7,14,164,0.405,0.422,0.386,0.684,0.508,0.493,G
292,DeAndre Jordan,1.2,2023-24,35,DEN,36,2,0,396,58,93,58,93,0,0,26,53,54,103,157,26,6,16,23,56,142,0.624,0.624,,0.491,0.61,0.624,C
293,Tre Mann,1.2,2023-24,22,"CHO,OKC",41,28,0,987,145,316,98,190,47,126,45,59,20,129,149,165,51,3,65,48,382,0.459,0.516,0.373,0.763,0.559,0.533,G
294,Jordan Goodwin,1.2,2023-24,25,"MEM,PHO",57,12,0,1055,141,382,99,241,42,141,44,59,88,165,253,155,48,18,56,76,368,0.369,0.411,0.298,0.746,0.451,0.424,G
295,Zeke Nnaji,1.2,2023-24,23,DEN,58,0,0,576,69,149,63,126,6,23,42,62,61,65,126,32,15,38,27,81,186,0.463,0.5,0.261,0.677,0.528,0.483,F
296,Patrick Williams,1.2,2023-24,22,CHI,43,30,0,1174,159,359,100,211,59,148,52,66,46,120,166,66,40,33,57,87,429,0.443,0.474,0.399,0.788,0.553,0.525,F
297,Christian Wood,1.2,2023-24,28,LAL,50,1,0,872,123,264,88,150,35,114,66,94,39,215,254,49,16,33,50,72,347,0.466,0.587,0.307,0.702,0.568,0.532,F
298,Dominick Barlow,1.1,2023-24,20,SAS,33,1,0,420,56,113,53,104,3,9,29,42,45,68,113,36,12,14,9,47,144,0.496,0.51,0.333,0.69,0.548,0.509,F
299,KJ Martin,1.1,2023-24,23,"LAC,PHI",60,2,0,746,97,181,89,153,8,28,22,41,41,90,131,51,22,12,32,100,224,0.536,0.582,0.286,0.537,0.563,0.558,F
300,LaMelo Ball,1.1,2023-24,22,CHO,22,22,0,711,183,423,113,226,70,197,90,104,29,84,113,176,40,4,83,79,526,0.433,0.5,0.355,0.865,0.561,0.515,G
301,Jarred Vanderbilt,1.1,2023-24,24,LAL,29,6,0,581,59,114,51,87,8,27,24,36,41,97,138,36,36,5,28,43,150,0.518,0.586,0.296,0.667,0.578,0.553,F
302,Bismack Biyombo,1.1,2023-24,31,"MEM,OKC",40,27,0,791,74,131,74,131,0,0,26,54,62,147,209,53,11,37,42,89,174,0.565,0.565,,0.481,0.562,0.565,C-F
303,A.J. Green,1.1,2023-24,24,MIL,56,0,0,614,83,196,14,27,69,169,17,19,9,55,64,30,9,4,12,49,252,0.423,0.519,0.408,0.895,0.617,0.599,G
304,Jalen Wilson,1.1,2023-24,23,BRK,43,3,0,664,76,179,52,105,24,74,38,46,47,84,131,45,11,4,19,48,214,0.425,0.495,0.324,0.826,0.537,0.492,F
305,Bojan Bogdanović,1.1,2023-24,34,"DET,NYK",57,27,0,1478,309,681,176,347,133,334,117,149,22,130,152,97,30,5,101,95,868,0.454,0.507,0.398,0.785,0.581,0.551,G-F
306,Sasha Vezenkov,1,2023-24,28,SAC,42,0,0,511,84,191,39,71,45,120,12,15,30,66,96,19,20,7,12,42,225,0.44,0.549,0.375,0.8,0.569,0.558,F
307,Ricky Council IV,1,2023-24,22,PHI,32,0,0,289,54,112,42,80,12,32,53,71,14,32,46,16,8,1,5,17,173,0.482,0.525,0.375,0.746,0.604,0.536,G
308,Jake LaRavia,1,2023-24,22,MEM,35,6,0,806,118,303,65,147,53,156,90,109,51,77,128,58,29,12,45,69,379,0.389,0.442,0.34,0.826,0.54,0.477,F
309,Sandro Mamukelashvili,1,2023-24,24,SAS,46,5,0,451,73,155,54,91,19,64,25,34,45,102,147,49,7,12,19,35,190,0.471,0.593,0.297,0.735,0.559,0.532,C-F
310,Marcus Morris,1,2023-24,34,"CLE,PHI",49,7,0,817,116,264,68,145,48,119,36,44,23,111,134,36,15,13,30,74,316,0.439,0.469,0.403,0.818,0.558,0.53,F
311,Ben Simmons,1,2023-24,27,BRK,15,12,0,359,43,74,43,74,0,0,6,15,31,88,119,86,12,9,27,36,92,0.581,0.581,,0.4,0.571,0.581,G-F
312,Scotty Pippen Jr.,1,2023-24,23,MEM,21,16,0,527,100,203,70,131,30,72,41,55,22,45,67,98,36,10,56,60,271,0.493,0.534,0.417,0.745,0.596,0.567,G
313,Andre Jackson Jr.,1,2023-24,22,MIL,57,8,0,572,50,100,33,54,17,46,8,11,43,70,113,50,16,6,28,92,125,0.5,0.611,0.37,0.727,0.596,0.585,G
314,Marcus Sasser,0.9,2023-24,23,DET,71,11,0,1351,219,512,129,272,90,240,58,66,11,114,125,236,44,12,90,103,586,0.428,0.474,0.375,0.879,0.542,0.516,G
315,Blake Wesley,0.9,2023-24,20,SAS,61,3,0,876,102,215,90,160,12,55,52,78,18,76,94,166,29,9,55,89,268,0.474,0.563,0.218,0.667,0.537,0.502,G
316,Svi Mykhailiuk,0.9,2023-24,26,BOS,41,2,0,413,57,137,15,29,42,108,6,9,11,40,51,35,11,1,12,19,162,0.416,0.517,0.389,0.667,0.575,0.569,G-F
317,Lindy Waters III,0.9,2023-24,26,OKC,38,0,0,280,49,104,12,19,37,85,2,2,7,33,40,24,5,7,7,23,137,0.471,0.632,0.435,1,0.653,0.649,G
318,Trey Jemison,0.9,2023-24,24,"MEM,WAS",25,14,0,573,75,136,75,136,0,0,21,25,64,70,134,27,12,28,34,69,171,0.551,0.551,,0.84,0.582,0.551,C
319,Doug McDermott,0.9,2023-24,32,"IND,SAS",64,0,0,904,123,284,29,55,94,229,11,19,10,49,59,70,16,2,28,64,351,0.433,0.527,0.41,0.579,0.6,0.599,F
320,Javonte Green,0.9,2023-24,30,CHI,9,5,0,230,45,75,35,48,10,27,10,13,20,47,67,5,10,8,7,19,110,0.6,0.729,0.37,0.769,0.681,0.667,F
321,Noah Clowney,0.9,2023-24,19,BRK,23,4,0,370,50,93,38,60,12,33,21,30,26,55,81,18,8,16,15,25,133,0.538,0.633,0.364,0.7,0.626,0.602,F
322,Dāvis Bertāns,0.9,2023-24,31,"CHO,OKC",43,1,0,674,92,234,16,34,76,200,30,33,9,52,61,35,26,12,18,56,290,0.393,0.471,0.38,0.909,0.583,0.556,F
323,Orlando Robinson,0.9,2023-24,23,MIA,36,7,0,304,36,72,28,57,8,15,19,25,28,56,84,34,7,8,18,35,99,0.5,0.491,0.533,0.76,0.596,0.556,F
324,Dalen Terry,0.8,2023-24,21,CHI,59,2,0,681,69,157,52,83,17,74,25,43,29,84,113,81,27,18,32,81,180,0.439,0.627,0.23,0.581,0.512,0.494,G
325,Damian Jones,0.8,2023-24,28,CLE,39,0,0,270,43,72,40,58,3,14,18,21,20,42,62,15,7,13,13,27,107,0.597,0.69,0.214,0.857,0.659,0.618,F-C
326,Cody Zeller,0.8,2023-24,31,NOP,43,0,0,320,26,62,25,59,1,3,23,38,48,64,112,39,9,5,16,45,76,0.419,0.424,0.333,0.605,0.483,0.427,C-F
327,Ja Morant,0.8,2023-24,24,MEM,9,9,0,318,80,170,66,119,14,51,52,64,6,44,50,73,7,5,27,19,226,0.471,0.555,0.275,0.813,0.57,0.512,G
328,Troy Brown Jr.,0.8,2023-24,24,"DET,MIN",59,15,0,827,84,226,37,85,47,141,32,37,25,119,144,60,24,3,30,42,247,0.372,0.435,0.333,0.865,0.51,0.476,G-F
329,Talen Horton-Tucker,0.8,2023-24,23,UTA,51,11,0,1009,184,465,124,283,60,182,88,109,21,100,121,177,45,19,65,94,516,0.396,0.438,0.33,0.807,0.503,0.46,G-F
330,Lonnie Walker IV,0.8,2023-24,25,BRK,58,0,0,1011,208,492,104,221,104,271,45,59,13,114,127,74,32,20,51,71,565,0.423,0.471,0.384,0.763,0.545,0.528,G
331,Lamar Stevens,0.8,2023-24,26,"BOS,MEM",38,3,0,559,108,240,94,194,14,46,42,54,36,91,127,28,23,22,24,45,272,0.45,0.485,0.304,0.778,0.516,0.479,F
332,Ben Sheppard,0.8,2023-24,22,IND,57,1,0,814,90,229,41,73,49,156,23,26,15,74,89,53,33,2,15,88,252,0.393,0.562,0.314,0.885,0.524,0.5,G
333,Brandon Miller,0.8,2023-24,21,CHO,74,68,0,2383,476,1083,292,590,184,493,143,173,60,255,315,175,66,42,132,184,1279,0.44,0.495,0.373,0.827,0.552,0.524,F-G
334,JaVale McGee,0.7,2023-24,36,SAC,46,0,0,339,79,132,78,125,1,7,26,45,42,84,126,17,14,20,34,46,185,0.598,0.624,0.143,0.578,0.609,0.602,C
335,MarJon Beauchamp,0.7,2023-24,23,MIL,48,1,0,608,81,166,51,91,30,75,19,28,22,77,99,31,13,7,27,54,211,0.488,0.56,0.4,0.679,0.592,0.578,G
336,Omer Yurtseven,0.7,2023-24,25,UTA,48,12,0,545,99,184,94,160,5,24,19,28,72,136,208,29,8,18,37,52,222,0.538,0.588,0.208,0.679,0.565,0.552,C
337,Nassir Little,0.7,2023-24,23,PHO,45,2,0,458,57,124,36,54,21,70,17,20,14,61,75,21,10,10,14,39,152,0.46,0.667,0.3,0.85,0.572,0.544,F
338,Danuel House Jr.,0.7,2023-24,30,PHI,34,4,0,509,47,105,32,55,15,50,35,46,16,42,58,28,15,5,19,45,144,0.448,0.582,0.3,0.761,0.575,0.519,G
339,Chris Duarte,0.7,2023-24,26,SAC,59,11,0,719,80,210,36,83,44,127,26,33,26,80,106,44,28,8,26,80,230,0.381,0.434,0.346,0.788,0.512,0.486,G
340,Max Christie,0.7,2023-24,20,LAL,67,7,0,944,103,241,61,123,42,118,36,46,15,127,142,60,20,17,35,57,284,0.427,0.496,0.356,0.783,0.544,0.515,G
341,P.J. Tucker,0.7,2023-24,38,"LAC,PHI",31,10,0,486,18,50,5,15,13,35,3,3,28,57,85,16,16,7,8,54,52,0.36,0.333,0.371,1,0.507,0.49,F
342,Gui Santos,0.7,2023-24,21,GSW,23,0,0,192,28,55,18,28,10,27,16,17,17,32,49,14,4,2,7,23,82,0.509,0.643,0.37,0.941,0.656,0.6,F
343,Charles Bassey,0.7,2023-24,23,SAS,19,0,0,205,29,40,29,39,0,1,5,6,23,53,76,21,8,17,15,31,63,0.725,0.744,0,0.833,0.739,0.725,C
344,Jontay Porter,0.7,2023-24,24,TOR,26,5,0,360,40,104,20,44,20,60,15,18,26,56,82,60,20,20,21,35,115,0.385,0.455,0.333,0.833,0.514,0.481,F-C
345,Killian Hayes,0.7,2023-24,22,DET,42,31,0,1008,117,283,95,209,22,74,33,50,11,108,119,205,36,20,51,75,289,0.413,0.455,0.297,0.66,0.474,0.452,G
346,Kris Murray,0.7,2023-24,23,POR,62,29,0,1348,145,366,96,183,49,183,37,56,85,139,224,80,53,21,55,92,376,0.396,0.525,0.268,0.661,0.481,0.463,F
347,Jared Butler,0.6,2023-24,23,WAS,40,0,0,566,98,201,74,123,24,78,31,36,9,49,58,126,29,8,50,58,251,0.488,0.602,0.308,0.861,0.579,0.547,G
348,Vit Krejci,0.6,2023-24,23,ATL,22,14,0,541,51,104,23,36,28,68,5,6,11,41,52,50,13,6,20,48,135,0.49,0.639,0.412,0.833,0.633,0.625,G
349,Reggie Bullock,0.6,2023-24,32,HOU,44,0,0,417,34,82,7,15,27,67,1,1,6,67,73,15,12,5,10,29,96,0.415,0.467,0.403,1,0.582,0.579,G-F
350,Cam Reddish,0.6,2023-24,24,LAL,48,26,0,984,91,234,54,124,37,110,41,54,27,72,99,48,47,14,31,64,260,0.389,0.435,0.336,0.759,0.504,0.468,F
351,Bryce McGowens,0.6,2023-24,21,CHO,59,14,0,882,101,230,67,128,34,102,66,85,17,85,102,51,21,10,30,74,302,0.439,0.523,0.333,0.776,0.565,0.513,G-F
352,Eugene Omoruyi,0.6,2023-24,26,WAS,43,0,0,393,81,167,68,121,13,46,32,49,35,50,85,35,27,5,21,62,207,0.485,0.562,0.283,0.653,0.549,0.524,F
353,Jeremiah Robinson-Earl,0.6,2023-24,23,NOP,39,1,0,334,45,95,32,56,13,39,12,16,23,53,76,21,10,4,16,24,115,0.474,0.571,0.333,0.75,0.564,0.542,F
354,Shake Milton,0.6,2023-24,27,"DET,MIN,NYK",48,0,0,581,79,195,61,131,18,64,40,49,14,61,75,60,19,6,31,54,216,0.405,0.466,0.281,0.816,0.499,0.451,G
355,Jeff Dowtin,0.6,2023-24,26,PHI,12,0,0,142,20,36,11,17,9,19,3,4,3,17,20,27,7,1,5,1,52,0.556,0.647,0.474,0.75,0.689,0.681,G
356,Lester Quinones,0.6,2023-24,23,GSW,37,0,0,394,56,141,24,53,32,88,20,29,21,51,72,36,6,2,17,44,164,0.397,0.453,0.364,0.69,0.533,0.511,G
357,JT Thor,0.6,2023-24,21,CHO,63,3,0,781,80,183,52,102,28,81,11,20,43,103,146,29,11,27,15,60,199,0.437,0.51,0.346,0.55,0.519,0.514,F
358,Jaden Springer,0.6,2023-24,21,"BOS,PHI",49,2,0,507,59,148,49,100,10,48,35,42,33,45,78,44,36,15,34,66,163,0.399,0.49,0.208,0.833,0.49,0.432,G
359,Tosan Evbuomwan,0.5,2023-24,22,"DET,MEM",17,8,0,367,36,71,24,39,12,32,17,25,18,42,60,16,6,5,9,23,101,0.507,0.615,0.375,0.68,0.616,0.592,F
360,Stanley Umude,0.5,2023-24,24,DET,24,2,0,307,37,84,13,31,24,53,29,32,8,43,51,11,8,7,14,40,127,0.44,0.419,0.453,0.906,0.647,0.583,G
361,Olivier-Maxence Prosper,0.5,2023-24,21,DAL,40,1,0,336,40,104,27,59,13,45,28,41,25,54,79,22,7,4,8,20,121,0.385,0.458,0.289,0.683,0.496,0.447,F
362,Matt Ryan,0.5,2023-24,26,NOP,28,1,0,390,49,113,8,22,41,91,13,14,6,34,40,18,6,1,19,32,152,0.434,0.364,0.451,0.929,0.638,0.615,F
363,Malachi Flynn,0.5,2023-24,25,"DET,NYK,TOR",69,0,0,876,136,325,80,156,56,169,52,71,21,93,114,130,38,8,63,66,380,0.418,0.513,0.331,0.732,0.533,0.505,G
364,Dalano Banton,0.5,2023-24,24,"BOS,POR",54,9,0,1047,202,500,143,301,59,199,94,120,41,137,178,127,33,20,77,64,557,0.404,0.475,0.296,0.783,0.504,0.463,G-F
365,Seth Curry,0.5,2023-24,33,"CHO,DAL",44,4,0,616,80,204,42,96,38,108,28,31,18,50,68,44,22,6,21,39,226,0.392,0.438,0.352,0.903,0.519,0.485,G
366,Jordan Nwora,0.5,2023-24,25,"IND,TOR",52,1,0,712,138,299,94,168,44,131,44,53,28,121,149,62,26,13,53,48,364,0.462,0.56,0.336,0.83,0.565,0.535,F
367,Leaky Black,0.5,2023-24,24,CHO,26,3,0,284,25,52,16,32,9,20,10,15,9,39,48,24,8,11,6,19,69,0.481,0.5,0.45,0.667,0.589,0.567,F
368,Jamal Cain,0.5,2023-24,24,MIA,26,1,0,259,34,79,23,48,11,31,18,23,15,22,37,10,10,5,8,22,97,0.43,0.479,0.355,0.783,0.544,0.5,F
369,Shaedon Sharpe,0.5,2023-24,20,POR,32,25,0,1059,176,434,116,254,60,180,98,119,42,118,160,94,28,12,72,88,510,0.406,0.457,0.333,0.824,0.524,0.475,G
370,Kessler Edwards,0.5,2023-24,23,SAC,54,0,0,275,34,82,14,30,20,52,5,9,9,33,42,15,10,4,4,26,93,0.415,0.467,0.385,0.556,0.541,0.537,F
371,Jaden Ivey,0.5,2023-24,21,DET,77,61,0,2217,417,973,293,604,124,369,227,303,86,178,264,296,57,41,190,204,1185,0.429,0.485,0.336,0.749,0.536,0.492,G
372,Kobe Brown,0.5,2023-24,24,LAC,44,0,0,394,37,90,23,42,14,48,1,2,20,42,62,25,12,6,9,49,89,0.411,0.548,0.292,0.5,0.49,0.489,G-F
373,Bilal Coulibaly,0.4,2023-24,19,WAS,63,15,0,1715,188,432,124,247,64,185,92,131,56,200,256,110,57,48,87,137,532,0.435,0.502,0.346,0.702,0.543,0.509,F
374,Aleksej Pokusevski,0.4,2023-24,22,"CHO,OKC",28,0,0,405,49,121,31,66,18,55,30,41,17,72,89,35,15,13,19,22,146,0.405,0.47,0.327,0.732,0.525,0.479,F
375,Wesley Matthews,0.4,2023-24,37,ATL,36,3,0,413,34,97,10,28,24,69,18,24,9,44,53,23,16,11,8,43,110,0.351,0.357,0.348,0.75,0.511,0.474,G
376,Josh Minott,0.4,2023-24,21,MIN,32,0,0,91,17,36,13,26,4,10,12,14,4,13,17,8,5,5,2,10,50,0.472,0.5,0.4,0.857,0.593,0.528,F
377,Luka Garza,0.4,2023-24,25,MIN,25,0,0,122,36,75,27,43,9,32,18,25,19,12,31,4,4,1,6,24,99,0.48,0.628,0.281,0.72,0.576,0.54,F-C
378,Ousmane Dieng,0.4,2023-24,20,OKC,33,0,0,365,49,116,28,46,21,70,14,16,10,41,51,37,8,5,19,22,133,0.422,0.609,0.3,0.875,0.54,0.513,F
379,Jarace Walker,0.4,2023-24,20,IND,33,0,0,340,45,110,23,55,22,55,8,9,12,51,63,40,15,11,17,29,120,0.409,0.418,0.4,0.889,0.527,0.509,F
380,Skylar Mays,0.4,2023-24,26,"LAL,POR",38,5,0,433,63,159,47,105,16,54,13,17,10,33,43,85,21,4,20,26,155,0.396,0.448,0.296,0.765,0.466,0.447,G
381,Kevin Knox,0.4,2023-24,24,DET,31,11,0,560,86,186,55,92,31,94,20,22,18,57,75,23,13,7,22,50,223,0.462,0.598,0.33,0.909,0.57,0.546,F
382,Derrick Rose,0.4,2023-24,35,MEM,24,7,0,399,76,165,61,124,15,41,24,27,7,38,45,78,8,2,31,21,191,0.461,0.492,0.366,0.889,0.54,0.506,G
383,Olivier Sarr,0.4,2023-24,24,OKC,15,0,0,98,11,19,9,13,2,6,10,15,10,26,36,2,0,7,3,18,34,0.579,0.692,0.333,0.667,0.664,0.632,C
384,Saben Lee,0.4,2023-24,24,PHO,24,0,0,185,20,55,18,39,2,16,29,39,9,22,31,30,7,3,8,13,71,0.364,0.462,0.125,0.744,0.492,0.382,G
385,Vasilije Micić,0.4,2023-24,30,"CHO,OKC",60,21,0,1176,159,370,116,216,43,154,61,75,14,74,88,262,31,7,99,68,422,0.43,0.537,0.279,0.813,0.524,0.488,G
386,Anthony Gill,0.4,2023-24,31,WAS,50,3,0,466,75,160,65,119,10,41,29,36,37,57,94,34,13,11,23,48,189,0.469,0.546,0.244,0.806,0.537,0.5,F
387,Johnny Juzang,0.4,2023-24,22,UTA,20,5,0,372,51,110,19,33,32,77,10,14,7,29,36,23,4,2,13,29,144,0.464,0.576,0.416,0.714,0.62,0.609,G
388,Furkan Korkmaz,0.4,2023-24,26,PHI,35,0,0,300,30,76,16,36,14,40,14,20,4,26,30,25,14,3,10,17,88,0.395,0.444,0.35,0.7,0.519,0.487,G
389,Robert Williams,0.4,2023-24,26,POR,6,0,0,119,17,26,17,26,0,0,7,9,11,27,38,5,7,7,7,17,41,0.654,0.654,,0.778,0.684,0.654,C-F
390,Collin Gillespie,0.4,2023-24,24,DEN,24,0,0,225,32,69,17,31,15,38,8,12,1,20,21,27,13,0,14,24,87,0.464,0.548,0.395,0.667,0.586,0.572,G
391,Leonard Miller,0.3,2023-24,20,MIN,17,0,0,52,13,20,11,15,2,5,1,2,5,15,20,8,2,1,1,5,29,0.65,0.733,0.4,0.5,0.694,0.7,F
392,Dru Smith,0.3,2023-24,26,MIA,9,0,0,131,15,33,8,16,7,17,2,2,6,8,14,14,9,3,5,12,39,0.455,0.5,0.412,1,0.576,0.561,G
393,Marques Bolden,0.3,2023-24,25,"CHO,MIL",11,2,0,121,17,25,17,24,0,1,3,4,10,24,34,4,3,7,3,10,37,0.68,0.708,0,0.75,0.691,0.68,C
394,Moussa Diabaté,0.3,2023-24,22,LAC,11,0,0,64,10,19,10,19,0,0,9,14,15,9,24,4,5,1,2,4,29,0.526,0.526,,0.643,0.576,0.526,F
395,Landry Shamet,0.3,2023-24,26,WAS,46,5,0,726,118,274,65,117,53,157,38,46,16,46,62,54,25,10,30,76,327,0.431,0.556,0.338,0.826,0.556,0.527,G
396,Sidy Cissoko,0.3,2023-24,19,SAS,12,0,0,141,16,33,15,21,1,12,12,15,8,14,22,10,7,3,3,18,45,0.485,0.714,0.083,0.8,0.568,0.5,G
397,Dylan Windler,0.3,2023-24,27,"ATL,LAL,NYK",17,0,0,108,15,30,2,3,13,27,0,0,3,13,16,10,2,0,2,6,43,0.5,0.667,0.481,,0.717,0.717,G-F
398,Mãozinha Pereira,0.3,2023-24,23,MEM,7,1,0,122,18,35,13,22,5,13,7,10,11,26,37,2,6,4,5,10,48,0.514,0.591,0.385,0.7,0.609,0.586,F
399,Jared Rhoden,0.3,2023-24,24,DET,17,0,0,245,33,66,21,35,12,31,5,8,3,30,33,14,3,13,7,28,83,0.5,0.6,0.387,0.625,0.597,0.591,G
400,Brandon Clarke,0.3,2023-24,27,MEM,6,1,0,134,33,59,32,53,1,6,1,7,13,19,32,9,5,6,3,8,68,0.559,0.604,0.167,0.143,0.548,0.568,F
401,Jeenathan Williams,0.3,2023-24,24,HOU,22,0,0,129,27,50,25,45,2,5,7,13,12,11,23,7,4,1,4,10,63,0.54,0.556,0.4,0.538,0.565,0.56,G
402,Jaden Hardy,0.3,2023-24,21,DAL,73,7,0,989,195,479,114,255,81,224,59,76,20,111,131,109,22,4,62,80,530,0.407,0.447,0.362,0.776,0.517,0.492,G
403,Nate Hinton,0.3,2023-24,24,HOU,15,0,0,75,11,26,4,12,7,14,4,5,7,15,22,10,3,2,3,11,33,0.423,0.333,0.5,0.8,0.585,0.558,G
404,Micah Potter,0.3,2023-24,25,UTA,16,0,0,186,19,40,10,19,9,21,6,8,10,33,43,6,4,6,5,14,53,0.475,0.526,0.429,0.75,0.609,0.588,C
405,Justin Champagnie,0.3,2023-24,22,WAS,15,1,0,235,32,78,19,33,13,45,12,15,19,34,53,19,10,9,10,14,89,0.41,0.576,0.289,0.8,0.526,0.494,F
406,Kenneth Lofton Jr.,0.3,2023-24,21,"MEM,PHI,UTA",21,0,0,199,36,78,29,54,7,24,17,26,12,26,38,33,6,5,14,24,96,0.462,0.537,0.292,0.654,0.537,0.506,F
407,Terry Taylor,0.3,2023-24,24,CHI,31,0,0,188,20,39,18,30,2,9,4,5,17,20,37,10,5,2,7,17,46,0.513,0.6,0.222,0.8,0.558,0.538,G-F
408,Darius Bazley,0.3,2023-24,23,"PHI,UTA",9,0,0,152,18,30,16,22,2,8,10,12,8,20,28,7,6,7,8,3,48,0.6,0.727,0.25,0.833,0.68,0.633,F
409,Chuma Okeke,0.3,2023-24,25,ORL,47,8,0,432,40,112,17,30,23,82,4,7,18,62,80,20,9,7,16,19,107,0.357,0.567,0.28,0.571,0.465,0.46,F
410,Otto Porter Jr.,0.3,2023-24,30,TOR,15,1,0,174,14,33,6,10,8,23,3,3,6,23,29,8,5,5,2,19,39,0.424,0.6,0.348,1,0.568,0.545,F
411,Gradey Dick,0.3,2023-24,20,TOR,60,17,0,1268,189,445,101,204,88,241,44,51,27,105,132,68,34,2,50,87,510,0.425,0.495,0.365,0.863,0.546,0.524,G
412,Ryan Rollins,0.3,2023-24,21,"MIL,WAS",13,0,0,78,14,27,11,23,3,4,13,17,2,11,13,14,10,3,8,8,44,0.519,0.478,0.75,0.765,0.638,0.574,G
413,Marcus Smart,0.2,2023-24,29,MEM,20,20,0,605,102,237,60,103,42,134,43,56,6,47,53,86,41,5,62,53,289,0.43,0.583,0.313,0.768,0.552,0.519,G
414,Javon Freeman-Liberty,0.2,2023-24,24,TOR,22,6,0,403,55,124,45,82,10,42,33,36,16,54,70,40,10,4,25,28,153,0.444,0.549,0.238,0.917,0.547,0.484,G
415,Trent Forrest,0.2,2023-24,25,ATL,38,0,0,414,34,90,32,80,2,10,13,17,11,40,51,92,11,3,20,25,83,0.378,0.4,0.2,0.765,0.426,0.389,G
416,Udoka Azubuike,0.2,2023-24,24,PHO,16,0,0,113,16,23,16,23,0,0,3,13,11,21,32,3,1,6,4,17,35,0.696,0.696,,0.231,0.609,0.696,C
417,A.J. Lawson,0.2,2023-24,23,DAL,42,0,0,311,54,121,41,71,13,50,15,23,14,36,50,20,10,3,14,22,136,0.446,0.577,0.26,0.652,0.519,0.5,G
418,Braxton Key,0.2,2023-24,26,DEN,20,0,0,60,7,17,5,12,2,5,6,8,3,15,18,9,2,1,1,5,22,0.412,0.417,0.4,0.75,0.536,0.471,F
419,Jermaine Samuels,0.2,2023-24,25,HOU,14,0,0,60,9,14,9,12,0,2,2,2,3,10,13,3,1,2,0,5,20,0.643,0.75,0,1,0.672,0.643,F
420,Jay Huff,0.2,2023-24,25,DEN,20,0,0,49,9,15,6,6,3,9,2,2,2,9,11,2,2,3,1,9,23,0.6,1,0.333,1,0.724,0.7,F-C
421,Ibou Badji,0.2,2023-24,21,POR,22,1,0,226,14,22,14,22,0,0,6,12,20,31,51,13,3,20,15,46,34,0.636,0.636,,0.5,0.623,0.636,C
422,Julian Phillips,0.2,2023-24,20,CHI,40,0,0,323,32,77,20,39,12,38,13,19,12,24,36,13,7,7,10,40,89,0.416,0.513,0.316,0.684,0.521,0.494,F
423,Cory Joseph,0.2,2023-24,32,GSW,26,0,0,296,23,64,10,22,13,42,4,7,6,24,30,42,4,3,12,25,63,0.359,0.455,0.31,0.571,0.47,0.461,G
424,Ziaire Williams,0.2,2023-24,22,MEM,51,15,0,1038,150,378,92,189,58,189,62,75,35,145,180,75,36,9,66,85,420,0.397,0.487,0.307,0.827,0.511,0.474,F
425,Patrick Baldwin Jr.,0.2,2023-24,21,WAS,38,7,0,493,59,155,28,58,31,97,19,28,17,106,123,29,18,15,19,56,168,0.381,0.483,0.32,0.679,0.502,0.481,G-F
426,Jordan Clarkson,0.2,2023-24,31,UTA,55,19,0,1682,337,816,246,507,91,309,177,201,49,139,188,277,35,6,146,81,942,0.413,0.485,0.294,0.881,0.521,0.469,G
427,Oscar Tshiebwe,0.2,2023-24,24,IND,8,0,0,42,10,20,10,20,0,0,6,8,8,8,16,2,2,1,0,3,26,0.5,0.5,,0.75,0.553,0.5,F
428,Garrett Temple,0.2,2023-24,37,TOR,27,2,0,289,29,78,17,38,12,40,18,22,18,27,45,28,12,3,14,28,88,0.372,0.447,0.3,0.818,0.502,0.449,G
429,Mouhamed Gueye,0.2,2023-24,21,ATL,6,0,0,73,8,23,5,14,3,9,5,6,10,12,22,4,5,4,1,13,24,0.348,0.357,0.333,0.833,0.468,0.413,F
430,Jevon Carter,0.2,2023-24,28,CHI,72,0,0,1004,138,365,61,131,77,234,4,7,11,49,60,94,37,16,36,71,357,0.378,0.466,0.329,0.571,0.485,0.484,G
431,Trevelin Queen,0.2,2023-24,26,ORL,14,0,0,165,14,38,11,21,3,17,9,12,3,17,20,18,7,5,7,15,40,0.368,0.524,0.176,0.75,0.462,0.408,G
432,Boban Marjanović,0.2,2023-24,35,HOU,14,0,0,71,18,34,18,32,0,2,9,14,7,25,32,6,1,2,5,5,45,0.529,0.563,0,0.643,0.56,0.529,C
433,Taj Gibson,0.2,2023-24,38,"DET,NYK",20,1,0,204,15,37,13,27,2,10,2,2,12,25,37,11,3,7,5,31,34,0.405,0.481,0.2,1,0.449,0.432,F-C
434,JD Davison,0.2,2023-24,21,BOS,8,0,0,39,5,12,2,5,3,7,3,4,2,8,10,10,1,1,2,4,16,0.417,0.4,0.429,0.75,0.581,0.542,G
435,Adama Sanogo,0.2,2023-24,21,CHI,9,0,0,66,14,27,14,27,0,0,8,12,19,17,36,0,1,0,5,5,36,0.519,0.519,,0.667,0.558,0.519,F
436,Moses Brown,0.2,2023-24,24,POR,22,5,0,200,33,65,33,65,0,0,9,31,37,49,86,7,5,7,11,27,75,0.508,0.508,,0.29,0.477,0.508,C
437,Kyle Kuzma,0.2,2023-24,28,WAS,70,70,0,2281,608,1313,457,863,151,450,186,240,62,402,464,296,37,49,192,153,1553,0.463,0.53,0.336,0.775,0.547,0.521,F
438,Julian Strawther,0.2,2023-24,21,DEN,50,0,0,545,82,222,41,84,41,138,22,31,5,56,61,47,17,7,23,54,227,0.369,0.488,0.297,0.71,0.482,0.462,F
439,Jalen Pickett,0.2,2023-24,24,DEN,27,0,0,122,15,35,6,10,9,25,3,4,1,13,14,21,4,0,9,13,42,0.429,0.6,0.36,0.75,0.571,0.557,G
440,Colin Castleton,0.2,2023-24,23,LAL,16,0,0,59,9,16,9,16,0,0,6,6,6,6,12,3,2,0,3,11,24,0.563,0.563,,1,0.644,0.563,F
441,T.J. Warren,0.2,2023-24,30,MIN,11,0,0,125,18,41,16,28,2,13,3,4,5,17,22,9,4,1,4,11,41,0.439,0.571,0.154,0.75,0.479,0.463,F
442,Jordan Walsh,0.2,2023-24,19,BOS,9,1,0,83,6,15,4,6,2,9,1,2,5,15,20,5,5,1,3,11,15,0.4,0.667,0.222,0.5,0.472,0.467,G-F
443,RaiQuan Gray,0.2,2023-24,24,SAS,3,0,0,39,10,17,7,10,3,7,0,0,2,5,7,6,1,1,1,0,23,0.588,0.7,0.429,,0.676,0.676,F
444,Nathan Mensah,0.1,2023-24,25,CHO,25,0,0,307,12,28,12,28,0,0,9,12,29,36,65,9,6,14,14,64,33,0.429,0.429,,0.75,0.496,0.429,F
445,Tristan Vukcevic,0.1,2023-24,20,WAS,10,4,0,153,29,67,19,31,10,36,17,22,6,30,36,13,5,7,10,28,85,0.433,0.613,0.278,0.773,0.554,0.507,F-C
446,Kobi Simmons,0.1,2023-24,26,TOR,4,0,0,67,9,21,7,13,2,8,0,0,1,6,7,12,6,2,1,5,20,0.429,0.538,0.25,,0.476,0.476,G
447,Jacob Toppin,0.1,2023-24,23,NYK,9,0,0,38,5,9,4,5,1,4,2,2,3,4,7,3,0,1,1,3,13,0.556,0.8,0.25,1,0.658,0.611,F
448,David Duke Jr.,0.1,2023-24,24,SAS,4,0,0,51,10,18,7,12,3,6,3,3,2,8,10,5,2,0,3,4,26,0.556,0.583,0.5,1,0.673,0.639,G
449,Devonte' Graham,0.1,2023-24,28,SAS,23,0,0,313,38,108,13,25,25,83,13,16,5,31,36,49,9,2,17,14,114,0.352,0.52,0.301,0.813,0.495,0.468,G
450,Mike Muscala,0.1,2023-24,32,"DET,OKC,WAS",53,6,0,600,56,156,28,60,28,96,17,25,39,86,125,36,9,13,22,52,157,0.359,0.467,0.292,0.68,0.47,0.449,F-C
451,D.J. Wilson,0.1,2023-24,27,PHI,2,0,0,15,4,6,2,4,2,2,0,0,1,1,2,2,0,2,0,1,10,0.667,0.5,1,,0.833,0.833,F
452,James Bouknight,0.1,2023-24,23,CHO,14,0,0,81,18,41,5,11,13,30,1,2,1,8,9,6,1,1,2,3,50,0.439,0.455,0.433,0.5,0.597,0.598,G
453,Dereon Seabron,0.1,2023-24,23,NOP,6,0,0,55,4,13,3,11,1,2,5,6,1,6,7,5,2,1,0,4,14,0.308,0.273,0.5,0.833,0.448,0.346,G
454,David Roddy,0.1,2023-24,22,"MEM,PHO",65,13,0,1177,165,409,117,245,48,164,47,68,53,158,211,80,27,11,57,72,425,0.403,0.478,0.293,0.691,0.484,0.462,F
455,Drew Peterson,0.1,2023-24,24,BOS,3,0,0,23,4,6,1,1,3,5,0,0,0,1,1,1,2,0,1,1,11,0.667,1,0.6,,0.917,0.917,G
456,Terquavion Smith,0.1,2023-24,21,PHI,16,0,0,84,18,46,5,11,13,35,3,5,0,4,4,12,8,0,7,8,52,0.391,0.455,0.371,0.6,0.539,0.533,G
457,Keon Johnson,0.1,2023-24,21,BRK,5,0,0,61,8,21,4,11,4,10,11,12,3,4,7,3,3,1,5,5,31,0.381,0.364,0.4,0.917,0.59,0.476,G
458,Mamadi Diakite,0.1,2023-24,27,"NYK,SAS",6,0,0,24,4,6,4,5,0,1,4,6,1,3,4,2,1,1,1,2,12,0.667,0.8,0,0.667,0.694,0.667,F
459,Buddy Boeheim,0.1,2023-24,24,DET,10,0,0,84,9,29,1,4,8,25,8,10,3,7,10,3,0,1,0,5,34,0.31,0.25,0.32,0.8,0.509,0.448,G
460,Wendell Moore Jr.,0.1,2023-24,22,MIN,25,0,0,75,9,18,9,12,0,6,0,0,0,12,12,6,5,1,4,5,18,0.5,0.75,0,,0.5,0.5,G-F
461,Jules Bernard,0.1,2023-24,24,WAS,19,0,0,149,29,64,18,35,11,29,5,9,10,16,26,16,3,1,8,14,74,0.453,0.514,0.379,0.556,0.544,0.539,F
462,Ochai Agbaji,0.1,2023-24,23,"TOR,UTA",78,28,0,1641,178,433,116,222,62,211,37,56,74,142,216,83,47,44,64,117,455,0.411,0.523,0.294,0.661,0.497,0.483,G
463,Justin Minaya,0.1,2023-24,24,POR,34,1,0,381,22,74,10,25,12,49,5,9,30,26,56,21,9,10,9,35,61,0.297,0.4,0.245,0.556,0.391,0.378,F
464,Patty Mills,0.1,2023-24,35,"ATL,MIA",32,5,0,415,46,131,22,44,24,87,11,11,9,26,35,34,20,1,16,32,127,0.351,0.5,0.276,1,0.467,0.443,G
465,Matthew Hurt,0.1,2023-24,23,MEM,8,0,0,113,12,34,7,14,5,20,3,3,9,7,16,4,3,3,2,8,32,0.353,0.5,0.25,1,0.453,0.426,F
466,Jordan Ford,0.1,2023-24,25,SAC,6,0,0,22,4,7,2,4,2,3,2,2,0,2,2,2,0,0,1,0,12,0.571,0.5,0.667,1,0.761,0.714,G
467,Jaylen Nowell,0.1,2023-24,24,"DET,MEM",13,1,0,214,34,78,28,49,6,29,7,9,6,18,24,19,4,2,7,15,81,0.436,0.571,0.207,0.778,0.494,0.474,G
468,Jordan Miller,0.1,2023-24,24,LAC,8,0,0,28,5,9,4,7,1,2,2,2,3,2,5,0,0,0,1,2,13,0.556,0.571,0.5,1,0.658,0.611,G
469,Kendall Brown,0.1,2023-24,20,IND,15,0,0,63,8,15,8,13,0,2,5,8,3,2,5,5,0,0,2,9,21,0.533,0.615,0,0.625,0.567,0.533,G-F
470,Harry Giles,0.1,2023-24,25,"BRK,LAL",23,0,0,100,23,50,20,36,3,14,7,13,12,18,30,6,2,3,6,15,56,0.46,0.556,0.214,0.538,0.503,0.49,F-C
471,Markquis Nowell,0.1,2023-24,24,TOR,1,0,0,4,0,1,0,1,0,0,2,2,2,0,2,2,1,0,0,0,2,0,0,,1,0.532,0,G
472,Jahmi'us Ramsey,0.1,2023-24,22,TOR,7,1,0,121,18,41,12,19,6,22,5,6,4,18,22,8,7,0,7,10,47,0.439,0.632,0.273,0.833,0.538,0.512,G
473,Chris Livingston,0.1,2023-24,20,MIL,21,0,0,90,11,22,10,17,1,5,3,4,3,18,21,5,2,0,5,15,26,0.5,0.588,0.2,0.75,0.547,0.523,F
474,Isaiah Mobley,0,2023-24,24,CLE,10,0,0,72,10,24,7,14,3,10,0,1,3,7,10,6,2,0,2,6,23,0.417,0.5,0.3,0,0.471,0.479,F
475,D.J. Carton,0,2023-24,23,TOR,4,0,0,36,3,8,2,4,1,4,4,5,2,2,4,3,1,0,1,3,11,0.375,0.5,0.25,0.8,0.539,0.438,G
476,Quenton Jackson,0,2023-24,25,IND,3,0,0,11,0,1,0,1,0,0,2,2,0,4,4,2,1,0,0,1,2,0,0,,1,0.532,0,G
477,Pat Spencer,0,2023-24,27,GSW,6,0,0,26,2,4,2,2,0,2,0,0,2,2,4,5,0,0,1,1,4,0.5,1,0,,0.5,0.5,G
478,Jalen Slawson,0,2023-24,24,SAC,12,0,0,37,4,6,4,4,0,2,0,0,1,6,7,2,1,1,2,8,8,0.667,1,0,,0.667,0.667,F
479,Ashton Hagans,0,2023-24,24,POR,19,1,0,316,29,71,21,46,8,25,14,17,14,31,45,54,11,9,30,40,80,0.408,0.457,0.32,0.824,0.51,0.465,G
480,Bones Hyland,0,2023-24,23,LAC,37,5,0,540,97,251,53,116,44,135,18,23,5,50,55,93,26,4,44,51,256,0.386,0.457,0.326,0.783,0.49,0.474,G
481,Jason Preston,0,2023-24,24,UTA,7,0,0,71,6,19,6,16,0,3,0,0,6,11,17,16,2,1,2,3,12,0.316,0.375,0,,0.316,0.316,G
482,Ish Wainright,0,2023-24,29,"PHO,POR",11,0,0,62,7,24,0,4,7,20,2,2,3,11,14,1,4,1,2,8,23,0.292,0,0.35,1,0.462,0.438,F
483,Henri Drell,0,2023-24,23,CHI,4,0,0,30,4,10,2,4,2,6,1,2,1,3,4,4,2,1,2,6,11,0.4,0.5,0.333,0.5,0.506,0.5,G
484,Colby Jones,0,2023-24,21,SAC,30,0,0,192,28,71,26,49,2,22,6,11,17,23,40,20,7,5,10,29,64,0.394,0.531,0.091,0.545,0.422,0.408,G
485,Hamidou Diallo,0,2023-24,25,WAS,2,0,0,5,1,2,1,2,0,0,0,0,2,0,2,1,2,0,1,1,2,0.5,0.5,,,0.5,0.5,G
486,Daishen Nix,0,2023-24,21,MIN,15,0,0,50,9,24,3,7,6,17,3,6,1,2,3,6,5,0,5,2,27,0.375,0.429,0.353,0.5,0.507,0.5,G
487,Ty Jerome,0,2023-24,26,CLE,2,0,0,15,2,4,2,3,0,1,0,0,1,0,1,3,0,0,1,2,4,0.5,0.667,0,,0.5,0.5,G
488,Shaquille Harrison,0,2023-24,30,MEM,3,0,0,6,1,2,1,2,0,0,0,0,0,2,2,0,0,1,0,0,2,0.5,0.5,,,0.5,0.5,G
489,Admiral Schofield,0,2023-24,26,ORL,23,0,0,84,10,26,4,10,6,16,0,2,3,14,17,7,1,0,5,9,26,0.385,0.4,0.375,0,0.484,0.5,G-F
490,Robin Lopez,0,2023-24,35,MIL,16,2,0,65,7,19,5,11,2,8,2,2,3,2,5,4,1,3,2,7,18,0.368,0.455,0.25,1,0.453,0.421,C
491,Hunter Tyson,0,2023-24,23,DEN,18,0,0,48,8,20,4,6,4,14,0,0,1,8,9,2,1,0,2,10,20,0.4,0.667,0.286,,0.5,0.5,F
492,Ron Harper Jr.,0,2023-24,23,TOR,1,0,0,4,0,0,0,0,0,0,0,0,0,0,0,1,0,0,0,2,0,,,,,,,G-F
493,DeJon Jarreau,0,2023-24,26,MEM,9,0,0,150,17,50,13,37,4,13,5,11,8,36,44,26,6,2,9,14,43,0.34,0.351,0.308,0.455,0.392,0.38,G
494,Jett Howard,0,2023-24,20,ORL,18,0,0,67,10,30,3,5,7,25,2,4,1,6,7,6,2,2,3,4,29,0.333,0.6,0.28,0.5,0.457,0.45,G
495,Filip Petrušev,0,2023-24,23,"PHI,SAC",3,0,0,10,1,2,1,2,0,0,1,2,0,1,1,0,0,0,0,1,3,0.5,0.5,,0.5,0.521,0.5,F-C
496,Kevon Harris,0,2023-24,26,ORL,2,0,0,6,2,3,2,3,0,0,0,0,0,2,2,1,0,0,1,3,4,0.667,0.667,,,0.667,0.667,G
497,Joe Harris,0,2023-24,32,DET,16,0,0,170,14,39,4,9,10,30,1,2,3,10,13,10,3,2,4,19,39,0.359,0.444,0.333,0.5,0.489,0.487,G
498,Dexter Dennis,0,2023-24,24,DAL,4,0,0,30,10,19,9,11,1,8,1,3,1,8,9,4,0,1,3,1,22,0.526,0.818,0.125,0.333,0.541,0.553,G
499,Justin Jackson,0,2023-24,28,MIN,2,0,0,1,0,0,0,0,0,0,0,0,0,0,0,0,0,0,0,0,0,,,,,,,G-F
500,Greg Brown III,0,2023-24,22,DAL,6,0,0,40,5,11,4,8,1,3,4,9,3,6,9,4,0,4,4,5,15,0.455,0.5,0.333,0.444,0.501,0.5,F
501,Javonte Smart,0,2023-24,24,PHI,1,0,0,1,0,0,0,0,0,0,0,0,0,0,0,0,0,0,0,0,0,,,,,,,G
502,Malcolm Cazalon,0,2023-24,22,DET,1,0,0,3,0,0,0,0,0,0,0,0,0,0,0,0,0,0,0,0,0,,,,,,,G
503,Alex Fudge,0,2023-24,20,"DAL,LAL",6,0,0,40,6,15,5,10,1,5,2,2,4,1,5,0,3,0,2,2,15,0.4,0.5,0.2,1,0.472,0.433,F
504,Mason Jones,0,2023-24,25,SAC,5,0,0,28,2,8,0,1,2,7,1,2,1,4,5,5,1,0,2,3,7,0.25,0,0.286,0.5,0.394,0.375,G
505,Izaiah Brockington,0,2023-24,24,NOP,1,0,0,3,2,5,2,4,0,1,0,0,1,1,2,0,0,0,0,0,4,0.4,0.5,0,,0.4,0.4,G
506,Isaiah Thomas,0,2023-24,34,PHO,6,0,0,19,3,10,1,6,2,4,0,0,0,0,0,3,0,0,0,0,8,0.3,0.167,0.5,,0.4,0.4,G
507,Danny Green,0,2023-24,36,PHI,2,0,0,18,0,2,0,1,0,1,0,0,0,2,2,1,1,0,0,1,0,0,0,0,,0,0,G-F
508,Taze Moore,0,2023-24,25,POR,4,0,0,40,8,19,7,12,1,7,1,2,4,4,8,5,2,0,3,4,18,0.421,0.583,0.143,0.5,0.453,0.447,G
509,Dariq Whitehead,0,2023-24,19,BRK,2,0,0,24,1,5,1,2,0,3,1,2,0,4,4,3,0,1,0,0,3,0.2,0.5,0,0.5,0.255,0.2,F
510,D'Moi Hodge,0,2023-24,25,LAL,7,0,0,41,5,15,2,3,3,12,1,2,0,0,0,5,1,1,1,4,14,0.333,0.667,0.25,0.5,0.441,0.433,G
511,Dmytro Skapintsev,0,2023-24,25,NYK,2,0,0,2,0,1,0,1,0,0,0,0,0,0,0,0,0,0,0,0,0,0,0,,,0,0,C
512,Jalen Crutcher,0,2023-24,24,NOP,1,0,0,3,0,1,0,1,0,0,0,0,0,0,0,0,0,0,0,0,0,0,0,,,0,0,G
513,Isaiah Wong,0,2023-24,23,IND,1,0,0,4,1,3,1,2,0,1,0,0,0,0,0,0,0,0,0,0,2,0.333,0.5,0,,0.333,0.333,G
514,Lindell Wigginton,0,2023-24,25,MIL,3,0,0,8,2,5,2,3,0,2,2,2,0,0,0,0,0,0,1,1,6,0.4,0.667,0,1,0.51,0.4,G
515,Juan Toscano-Anderson,0,2023-24,30,SAC,11,0,0,53,3,12,2,8,1,4,0,0,4,10,14,4,1,1,2,11,7,0.25,0.25,0.25,,0.292,0.292,F
516,Kira Lewis Jr.,0,2023-24,22,"NOP,TOR,UTA",28,0,0,265,34,92,30,59,4,33,17,20,9,17,26,37,9,2,14,13,89,0.37,0.508,0.121,0.85,0.441,0.391,G
517,Thanasis Antetokounmpo,0,2023-24,31,MIL,34,0,0,155,16,30,16,29,0,1,0,2,7,6,13,17,7,4,14,24,32,0.533,0.552,0,0,0.518,0.533,F
518,Armoni Brooks,0,2023-24,25,BRK,10,0,0,104,15,46,4,14,11,32,1,2,7,11,18,5,1,1,3,3,42,0.326,0.286,0.344,0.5,0.448,0.446,G
519,E.J. Liddell,0,2023-24,23,NOP,8,0,0,23,1,6,1,1,0,5,2,2,0,5,5,1,2,2,2,2,4,0.167,1,0,1,0.291,0.167,F
520,Adam Flagler,0,2023-24,24,OKC,2,0,0,14,1,7,0,1,1,6,0,0,0,0,0,4,0,0,0,0,3,0.143,0,0.167,,0.214,0.214,G
521,Usman Garuba,0,2023-24,21,GSW,6,0,0,18,1,6,1,5,0,1,1,2,3,4,7,1,1,3,2,2,3,0.167,0.2,0,0.5,0.218,0.167,F
522,James Johnson,0,2023-24,36,IND,9,0,0,47,3,10,3,8,0,2,2,2,1,3,4,8,5,1,5,9,8,0.3,0.375,0,1,0.368,0.3,F
523,Amari Bailey,-0.1,2023-24,19,CHO,10,0,0,65,8,24,7,16,1,8,6,7,6,3,9,7,3,0,4,2,23,0.333,0.438,0.125,0.857,0.425,0.354,G
524,R.J. Hampton,-0.1,2023-24,22,MIA,8,2,0,76,4,14,3,6,1,8,1,2,2,4,6,8,0,0,3,8,10,0.286,0.5,0.125,0.5,0.336,0.321,G
525,Evan Fournier,-0.1,2023-24,31,"DET,NYK",32,0,0,580,79,221,46,91,33,130,29,36,5,53,58,48,29,7,21,48,220,0.357,0.505,0.254,0.806,0.464,0.432,G-F
526,Xavier Moon,-0.1,2023-24,29,LAC,14,1,0,119,15,46,13,29,2,17,1,2,8,10,18,21,3,3,5,8,33,0.326,0.448,0.118,0.5,0.352,0.348,G
527,Markieff Morris,-0.1,2023-24,34,DAL,26,1,0,216,23,68,8,26,15,42,5,6,4,35,39,16,5,3,12,12,66,0.338,0.308,0.357,0.833,0.467,0.449,F
528,Jerome Robinson,-0.1,2023-24,26,GSW,22,0,0,81,11,33,9,16,2,17,7,11,1,5,6,5,1,3,2,5,31,0.333,0.563,0.118,0.636,0.41,0.364,G
529,Andrew Funk,-0.1,2023-24,24,CHI,5,0,0,13,0,4,0,1,0,3,0,0,0,0,0,0,1,1,0,0,0,0,0,0,,0,0,G
530,Kaiser Gates,-0.1,2023-24,27,NOP,1,0,0,7,0,4,0,2,0,2,0,0,0,1,1,0,0,0,0,0,0,0,0,0,,0,0,F
531,Ryan Arcidiacono,-0.1,2023-24,29,NYK,20,0,0,45,0,6,0,0,0,6,0,0,0,8,8,4,2,0,2,5,0,0,,0,,0,0,G
532,DaQuan Jeffries,-0.1,2023-24,26,NYK,17,0,0,46,6,17,4,7,2,10,0,2,0,5,5,5,0,1,3,2,14,0.353,0.571,0.2,0,0.391,0.412,G-F
533,TyTy Washington Jr.,-0.1,2023-24,22,MIL,11,0,0,56,6,20,4,14,2,6,0,0,1,4,5,5,3,0,2,1,14,0.3,0.286,0.333,,0.35,0.35,G
534,Pete Nance,-0.1,2023-24,23,CLE,8,0,0,27,1,6,0,5,1,1,0,2,0,3,3,0,1,0,1,2,3,0.167,0,1,0,0.218,0.25,F
535,Frank Ntilikina,-0.1,2023-24,25,CHO,5,0,0,43,1,9,0,1,1,8,2,2,1,5,6,4,0,0,1,4,5,0.111,0,0.125,1,0.253,0.167,G
536,Cole Swider,-0.1,2023-24,24,MIA,18,0,0,87,15,38,5,8,10,30,2,2,1,6,7,5,1,1,8,4,42,0.395,0.625,0.333,1,0.54,0.526,F
537,Yuta Watanabe,-0.1,2023-24,29,"MEM,PHO",34,0,0,464,41,116,16,31,25,85,10,17,11,43,54,15,12,7,19,39,117,0.353,0.516,0.294,0.588,0.474,0.461,F
538,Keyontae Johnson,-0.1,2023-24,23,OKC,9,0,0,66,5,16,4,13,1,3,0,0,4,6,10,4,1,0,4,5,11,0.313,0.308,0.333,,0.344,0.344,F
539,Charlie Brown Jr.,-0.1,2023-24,26,NYK,8,0,0,37,2,10,0,3,2,7,0,0,1,1,2,0,0,2,2,5,6,0.2,0,0.286,,0.3,0.3,G
540,Seth Lundy,-0.1,2023-24,23,ATL,9,0,0,52,4,17,1,4,3,13,3,4,1,6,7,0,0,0,1,6,14,0.235,0.25,0.231,0.75,0.373,0.324,G-F
541,Brandon Williams,-0.1,2023-24,24,DAL,17,0,0,113,20,54,17,39,3,15,11,17,4,9,13,17,1,1,7,4,54,0.37,0.436,0.2,0.647,0.439,0.398,G
542,Timmy Allen,-0.1,2023-24,24,MEM,5,0,0,125,6,23,6,16,0,7,1,2,4,13,17,5,4,0,2,18,13,0.261,0.375,0,0.5,0.272,0.261,F
543,Johnny Davis,-0.1,2023-24,21,WAS,50,6,0,613,62,154,48,114,14,40,14,24,18,54,72,32,18,10,13,57,152,0.403,0.421,0.35,0.583,0.462,0.448,G
544,Alondes Williams,-0.1,2023-24,24,MIA,7,0,0,16,2,8,2,4,0,4,1,1,0,1,1,0,0,1,2,2,5,0.25,0.5,0,1,0.296,0.25,G
545,Joshua Primo,-0.1,2023-24,21,LAC,2,0,0,10,1,3,1,2,0,1,0,0,1,0,1,0,0,1,4,0,2,0.333,0.5,0,,0.333,0.333,G
546,Rayan Rupert,-0.1,2023-24,19,POR,39,12,0,633,54,161,26,83,28,78,19,25,24,68,92,62,12,3,31,56,155,0.335,0.313,0.359,0.76,0.451,0.422,G
547,Kobe Bufkin,-0.1,2023-24,20,ATL,17,0,0,196,34,92,25,52,9,40,4,8,6,27,33,27,7,5,10,20,81,0.37,0.481,0.225,0.5,0.424,0.418,G
548,Jack White,-0.1,2023-24,26,MEM,4,0,0,64,2,16,0,6,2,10,0,0,4,8,12,1,4,1,2,3,6,0.125,0,0.2,,0.188,0.188,F
549,Isaiah Livers,-0.1,2023-24,25,DET,23,6,0,469,40,116,18,39,22,77,12,18,15,33,48,25,13,5,16,43,114,0.345,0.462,0.286,0.667,0.46,0.44,F
550,Gabe Vincent,-0.1,2023-24,27,LAL,11,0,0,218,15,49,12,21,3,28,1,2,4,5,9,21,9,0,5,19,34,0.306,0.571,0.107,0.5,0.341,0.337,G
551,Onuralp Bitim,-0.1,2023-24,24,CHI,23,1,0,268,32,84,20,40,12,44,4,5,6,26,32,13,3,2,10,24,80,0.381,0.5,0.273,0.8,0.464,0.452,F
552,Malik Williams,-0.2,2023-24,25,TOR,7,2,0,107,9,34,8,29,1,5,0,2,15,23,38,2,3,4,3,15,19,0.265,0.276,0.2,0,0.272,0.279,C
553,Zavier Simpson,-0.2,2023-24,26,MEM,7,0,0,161,17,54,12,37,5,17,3,4,4,16,20,25,7,3,10,11,42,0.315,0.324,0.294,0.75,0.377,0.361,G
554,Cody Martin,-0.2,2023-24,28,CHO,28,22,0,753,82,215,55,129,27,86,20,33,19,90,109,104,32,18,44,48,211,0.381,0.426,0.314,0.606,0.46,0.444,G-F
555,Wenyen Gabriel,-0.2,2023-24,26,MEM,5,0,0,81,8,22,7,16,1,6,0,5,7,18,25,3,2,2,8,10,17,0.364,0.438,0.167,0,0.351,0.386,F
556,Luka Šamanić,-0.2,2023-24,24,UTA,43,7,0,404,60,158,47,94,13,64,44,56,22,80,102,19,5,7,28,32,177,0.38,0.5,0.203,0.786,0.485,0.421,F
557,Jamaree Bouyea,-0.3,2023-24,24,"POR,SAS",9,0,0,95,10,28,9,19,1,9,0,0,3,16,19,11,1,0,9,10,21,0.357,0.474,0.111,,0.375,0.375,G
558,Emoni Bates,-0.3,2023-24,20,CLE,15,0,0,133,15,49,5,16,10,33,1,4,1,13,14,10,1,2,8,5,41,0.306,0.313,0.303,0.25,0.404,0.408,G
559,Malaki Branham,-0.3,2023-24,20,SAS,75,29,0,1594,271,628,178,360,93,268,55,63,28,120,148,156,27,8,91,94,690,0.432,0.494,0.347,0.873,0.526,0.506,G
560,Brandon Boston Jr.,-0.3,2023-24,22,LAC,32,0,0,345,65,161,51,109,14,52,23,33,19,33,52,13,11,8,24,40,167,0.404,0.468,0.269,0.697,0.476,0.447,G-F
561,Brice Sensabaugh,-0.3,2023-24,20,UTA,32,11,0,584,85,218,51,103,34,115,37,41,16,86,102,55,13,6,47,43,241,0.39,0.495,0.296,0.902,0.511,0.468,F
562,Keyonte George,-0.3,2023-24,20,UTA,75,44,0,2023,319,815,172,375,147,440,189,223,15,196,211,332,36,7,188,91,974,0.391,0.459,0.334,0.848,0.533,0.482,G
563,Mouhamadou Gueye,-0.4,2023-24,25,TOR,11,0,0,120,11,38,11,35,0,3,4,9,12,11,23,5,3,18,12,15,26,0.289,0.314,0,0.444,0.31,0.289,F
564,Ish Smith,-0.4,2023-24,35,CHO,43,5,0,741,66,158,62,150,4,8,3,4,11,65,76,145,17,4,47,49,139,0.418,0.413,0.5,0.75,0.435,0.43,G
565,Maxwell Lewis,-0.4,2023-24,21,LAL,34,0,0,103,4,21,3,12,1,9,2,3,2,2,4,6,2,1,10,5,11,0.19,0.25,0.111,0.667,0.246,0.214,F
566,AJ Griffin,-0.4,2023-24,20,ATL,20,0,0,171,18,62,8,23,10,39,2,2,2,16,18,5,1,2,8,6,48,0.29,0.348,0.256,1,0.382,0.371,F
567,Jalen Hood-Schifino,-0.5,2023-24,20,LAL,21,0,0,109,10,45,8,30,2,15,12,20,2,11,13,8,3,2,9,13,34,0.222,0.267,0.133,0.6,0.316,0.244,G
568,Théo Maledon,-0.5,2023-24,22,"CHO,PHO",17,1,0,213,20,70,15,40,5,30,14,15,4,20,24,28,7,0,18,21,59,0.286,0.375,0.167,0.933,0.385,0.321,G
569,Nick Smith Jr.,-0.5,2023-24,19,CHO,51,0,0,729,113,289,50,143,63,146,13,15,18,54,72,59,10,7,39,55,302,0.391,0.35,0.432,0.867,0.511,0.5,G
570,Jordan Poole,-0.6,2023-24,24,WAS,78,66,0,2346,490,1186,306,622,184,564,192,219,32,180,212,343,86,25,188,244,1356,0.413,0.492,0.326,0.877,0.529,0.491,G
571,Jalen McDaniels,-0.8,2023-24,26,TOR,50,1,0,538,65,189,53,118,12,71,27,37,18,61,79,37,19,6,30,52,169,0.344,0.449,0.169,0.73,0.412,0.376,F
572,Scoot Henderson,-1.7,2023-24,19,POR,62,32,0,1765,307,797,220,529,87,268,167,204,53,141,194,336,48,13,212,195,868,0.385,0.416,0.325,0.819,0.489,0.44,G
